entry,address_city,address_code,first_entry_date,krs,legal_form,name,name_short,nip,regon,industriesR,industriesN,ceo_name,industriesJ,industriesM,industriesP,industriesL,industriesC,industriesG,industriesK,industriesF,industriesH,industriesI
"""GOOD TASTE PRODUCTION SPÓŁKA Z OGRANICZONĄ ODPOWIEDZIALNOŚCIĄ"" SPÓŁKA KOMANDYTOWA",Poznań,60-178,2018-04-09,0000726485,SPÓŁKA KOMANDYTOWA,"""GOOD TASTE PRODUCTION SPÓŁKA Z OGRANICZONĄ ODPOWIEDZIALNOŚCIĄ"" SPÓŁKA KOMANDYTOWA",GOOD TASTE PRODUCTION,7792486854,369916612,True,,,,,,,,,,,,
"""High Note Events spółka z ograniczoną odpowiedzialnością"" spółka komandytowa",Warszawa,00-707,2015-06-03,0000561680,SPÓŁKA KOMANDYTOWA,HIGH NOTE EVENTS SPÓŁKA Z OGRANICZONĄ ODPOWIEDZIALNOŚCIĄ SPÓŁKA KOMANDYTOWA,HIGH NOTE EVENTS,5213698659,361707607,,True,,,,,,,,,,,
"""Industrial Art""",Wrocław,51-169,2005-05-20,0000234643,STOWARZYSZENIE,"""INDUSTRIAL ART""",INDUSTRIAL ART,,020124198,,,Maciej Frett,,,,,,,,,,
"""L'ART DE LA DANSE"" TOWARZYSTWO WSPIERANIA I ROZWOJU SZTUKI BALETOWEJ W KRAKOWIE",Kraków,31-010,2006-02-08,0000250437,STOWARZYSZENIE,"""L'ART DE LA DANSE"" TOWARZYSTWO WSPIERANIA I ROZWOJU SZTUKI BALETOWEJ W KRAKOWIE","""L'ART DE LA DANSE"" TOWARZYSTWO WSPIERANIA I ROZWOJU SZTUKI BALETOWEJ W KRAKOWIE",,357179330,,,Monika Maria Myśliwiec,,,,,,,,,,
"""SOS MUSIC"" REMIGIUSZ TRAWIŃSKI I WOJCIECH ZAGUŁA SPÓŁKA JAWNA",Toruń,87-100,2008-03-11,0000301257,SPÓŁKA JAWNA,"""SOS MUSIC"" REMIGIUSZ TRAWIŃSKI I WOJCIECH ZAGUŁA SPÓŁKA JAWNA","""SOS MUSIC"" REMIGIUSZ TRAWIŃSKI I WOJCIECH ZAGUŁA",9562107179,871679810,,,,True,,,,,,,,,
1863.PL,Warszawa,04-761,2016-05-30,0000620424,FUNDACJA,1863.PL,1863.PL,9522147882,364582980,,,Krzysztof Paweł Kur,,,,,,,,,,
58 MUSIC PROJECTS SPÓŁKA  Z OGRANICZONĄ ODPOWIEDZIALNOŚCIĄ,Warszawa,00-312,2018-10-17,0000753482,SPÓŁKA Z OGRANICZONĄ ODPOWIEDZIALNOŚCIĄ,58 MUSIC PROJECTS SPÓŁKA Z OGRANICZONĄ ODPOWIEDZIALNOŚCIĄ,58 MUSIC PROJECTS,5252767034,381593789,,,Monika Ewa Kordowicz,,True,,,,,,,,
ADRIA ART SPÓŁKA Z OGRANICZONĄ ODPOWIEDZIALNOŚCIĄ SPÓŁKA KOMANDYTOWA,Bydgoszcz,85-018,2018-09-19,0000749691,SPÓŁKA KOMANDYTOWA,ADRIA ART SPÓŁKA Z OGRANICZONĄ ODPOWIEDZIALNOŚCIĄ SPÓŁKA KOMANDYTOWA,ADRIA ART,9671422655,381340539,True,,,,,,,,,,,,
AGENCJA ARTYSTYCZNA 4 MUSIC JOANNA DROZDA SPÓŁKA JAWNA,Pruszków,05-803,2007-01-09,0000271502,SPÓŁKA JAWNA,AGENCJA ARTYSTYCZNA 4 MUSIC JOANNA DROZDA SPÓŁKA JAWNA,AGENCJA ARTYSTYCZNA 4 MUSIC JOANNA DROZDA,5342345762,140829885,,,,,,,,,,,,,
AGENCJA ARTYSTYCZNA ART,Sopot,81-810,2002-09-16,0000130558,SPÓŁKA Z OGRANICZONĄ ODPOWIEDZIALNOŚCIĄ,"AGENCJA REKLAMOWO-ARTYSTYCZNA ""TOP-ART"" SPÓŁKA Z OGRANICZONĄ ODPOWIEDZIALNOŚCIĄ","AGENCJA REKLAMOWO-ARTYSTYCZNA ""TOP-ART""",5841008698,190464108,,,Michał Zbigniew Chudyba,,,,,,,,,,
AGENCJA ARTYSTYCZNA ART,Warszawa,,2016-12-13,0000652126,SPÓŁKA Z OGRANICZONĄ ODPOWIEDZIALNOŚCIĄ,AGENCJA ARTYSTYCZNO REKLAMOWA FLI-ART SPÓŁKA Z OGRANICZONĄ ODPOWIEDZIALNOŚCIĄ,AGENCJA ARTYSTYCZNO REKLAMOWA FLI-ART,9512424682,366063540,,,Małgorzata Maria Niedziółka,,True,,,,,,,,
AGENCJA ARTYSTYCZNA ART,Kraków,31-108,2006-06-30,0000259917,SPÓŁKA Z OGRANICZONĄ ODPOWIEDZIALNOŚCIĄ,PROFESSIONAL ART. AGENCJA ARTYSTYCZNA SPÓŁKA Z OGRANICZONĄ ODPOWIEDZIALNOŚCIĄ,PROFESSIONAL ART. AGENCJA ARTYSTYCZNA,,351007786,,,,,,,,,,,,,
Agencja Teatralna,Warszawa,02-001,2005-02-15,0000228433,SPÓŁKA KOMANDYTOWA,T. STIEPANOWA I SPÓŁKA AGENCJA TEATRALNA SPÓŁKA KOMANDYTOWA,T. STIEPANOWA I SPÓŁKA AGENCJA TEATRALNA,,,,,,,,,,,,,,,
Akademia Tańca Move,Łódź,90-348,2019-01-09,0000766095,SPÓŁKA Z OGRANICZONĄ ODPOWIEDZIALNOŚCIĄ,MOVE ON AKADEMIA TAŃCA SPORTOWEGO SPÓŁKA Z OGRANICZONĄ ODPOWIEDZIALNOŚCIĄ,MOVE ON AKADEMIA TAŃCA SPORTOWEGO,7282834954,382279871,,,,,,True,,,,,,,
Akcja Zdrowie,Bydgoszcz,85-615,2016-07-28,0000630068,STOWARZYSZENIE,AKCJA ZDROWIE,AKCJA ZDROWIE,5542940305,365044954,,,Jolanta Hanna Pisarska Bitowt,,,,,,,,,,
All Over spółka z ograniczoną odpowiedzialnością,Kicin,62-004,2015-11-30,0000589103,SPÓŁKA Z OGRANICZONĄ ODPOWIEDZIALNOŚCIĄ,ALL OVER SPÓŁKA Z OGRANICZONĄ ODPOWIEDZIALNOŚCIĄ,ALL OVER,7773256455,363107538,True,,Piotr Andrzej Tatarski,,,,,,,,,,
AMA Spółka z ograniczoną odpowiedzialnością,Warszawa,00-819,2017-08-09,0000690216,SPÓŁKA Z OGRANICZONĄ ODPOWIEDZIALNOŚCIĄ,AMA COMPANY SPÓŁKA Z OGRANICZONĄ ODPOWIEDZIALNOŚCIĄ,AMA COMPANY,5272816876,368030881,,,Adam Jacek Jankowski,,,,True,,,,,,
AMA Spółka z ograniczoną odpowiedzialnością,Warszawa,,2012-05-30,0000422572,SPÓŁKA Z OGRANICZONĄ ODPOWIEDZIALNOŚCIĄ,AMA SPÓŁKA Z OGRANICZONĄ ODPOWIEDZIALNOŚCIĄ,AMA,8741775804,341298567,,,Serhii Smitiukh,,,,,True,,,,,
AMA Spółka z ograniczoną odpowiedzialnością,Warszawa,00-687,2019-08-29,0000801532,SPÓŁKA Z OGRANICZONĄ ODPOWIEDZIALNOŚCIĄ,AMA SPÓŁKA Z OGRANICZONĄ ODPOWIEDZIALNOŚCIĄ,AMA,7010943126,384227424,True,,Anna Barbara Szarek,,,,,,,,,,
AMA Spółka z ograniczoną odpowiedzialnością,Sopot,81-785,2002-06-10,0000117380,SPÓŁKA Z OGRANICZONĄ ODPOWIEDZIALNOŚCIĄ,"""AMA"" SPÓŁKA Z OGRANICZONĄ ODPOWIEDZIALNOŚCIĄ",AMA,5832653577,191906666,,,Sławomir Józef Łoboda,,,,True,,,,,,
AMA Spółka z ograniczoną odpowiedzialnością,Warszawa,03-683,2013-01-17,0000447747,SPÓŁKA Z OGRANICZONĄ ODPOWIEDZIALNOŚCIĄ,AMA SPÓŁKA Z OGRANICZONĄ ODPOWIEDZIALNOŚCIĄ,AMA,5242756715,146505050,,,Marek Leszek Żaboklicki,,,,,True,,,,,
AMA Spółka z ograniczoną odpowiedzialnością,Koszalin,75-729,2017-10-02,0000697640,SPÓŁKA Z OGRANICZONĄ ODPOWIEDZIALNOŚCIĄ,AMA SPÓŁKA Z OGRANICZONĄ ODPOWIEDZIALNOŚCIĄ,AMA,6692540186,368407506,,,Magdalena Adamkiewicz,,,,,,True,,,,
AMA Spółka z ograniczoną odpowiedzialnością,Warszawa,04-406,2014-10-06,0000526032,SPÓŁKA Z OGRANICZONĄ ODPOWIEDZIALNOŚCIĄ,AMA SPÓŁKA Z OGRANICZONĄ ODPOWIEDZIALNOŚCIĄ,AMA,9522132337,147468670,,,Anna Maria Wójcik,,,,,,,,,,
AMA Spółka z ograniczoną odpowiedzialnością,Nowogrodziec,59-730,2012-10-04,0000435480,SPÓŁKA Z OGRANICZONĄ ODPOWIEDZIALNOŚCIĄ,AMA SPÓŁKA Z OGRANICZONĄ ODPOWIEDZIALNOŚCIĄ,AMA,6121850605,021980427,,,,,,,,,,,,,
AMA Spółka z ograniczoną odpowiedzialnością,Warszawa,02-761,2004-08-18,0000215049,SPÓŁKA Z OGRANICZONĄ ODPOWIEDZIALNOŚCIĄ,"""AMA CONSULTING"" SPÓŁKA Z OGRANICZONĄ ODPOWIEDZIALNOŚCIĄ",AMA CONSULTING,5262457275,016333456,,,Beata Maja Waśniewska,,,,,,,True,,,
AMA Spółka z ograniczoną odpowiedzialnością,Warszawa,00-830,2004-01-06,0000185796,SPÓŁKA Z OGRANICZONĄ ODPOWIEDZIALNOŚCIĄ,AMA CARS SPÓŁKA Z OGRANICZONĄ ODPOWIEDZIALNOŚCIĄ,AMA CARS,5272422261,015631105,,True,Kazimierz Krzysztof Puczyński,,,,,,,,,,
Art Color Ballet,Kraków,31-010,2014-10-15,0000527189,FUNDACJA,FUNDACJA ART COLOR BALLET,FUNDACJA ART COLOR BALLET,,,,,Gabriel Władysław Kasperczyk,,,,,,,,,,
ART DIVISION,Szczecin,70-812,2020-10-06,0000860029,SPÓŁKA Z OGRANICZONĄ ODPOWIEDZIALNOŚCIĄ,STREET ART DIVISION SPÓŁKA Z OGRANICZONĄ ODPOWIEDZIALNOŚCIĄ,STREET ART DIVISION,9552546285,387218118,,,Paweł Halarewicz,,,,,,True,,,,
ArtHorse Spółka z ograniczoną odpowiedzialnością,Warszawa,02-952,2017-08-28,0000692327,SPÓŁKA Z OGRANICZONĄ ODPOWIEDZIALNOŚCIĄ,ARTHORSE SPÓŁKA Z OGRANICZONĄ ODPOWIEDZIALNOŚCIĄ,ARTHORSE,9512444070,368143504,True,,Ryszard Jarosław Wojciul,,,,,,,,,,
ARTUS,Warszawa,00-078,2006-11-15,0000267764,SPÓŁKA Z OGRANICZONĄ ODPOWIEDZIALNOŚCIĄ,ARTUS PARK SPÓŁKA Z OGRANICZONĄ ODPOWIEDZIALNOŚCIĄ,ARTUS PARK,5832962516,220315779,,,,,,,True,,,,,,
ARTUS,Józefów,05-420,2017-01-25,0000659909,FUNDACJA,"""FUNDACJA ARTUS""",FUNDACJA ARTUS,5322064020,366421212,,,Joanna Popławska,,,,,,,,,,
ARTUS,Warszawa,00-050,2002-12-20,0000144584,SPÓŁDZIELNIA,"SPÓŁDZIELNIA ""ARTUS""","SPÓŁDZIELNIA ""ARTUS""",5250005952,001073350,,,Kazimierz Witold Komorek,,,,,,,,,,
ARTUS,Lwówek,64-310,2018-11-29,0000759691,SPÓŁKA Z OGRANICZONĄ ODPOWIEDZIALNOŚCIĄ,ARTUS SPÓŁKA Z OGRANICZONĄ ODPOWIEDZIALNOŚCIĄ,ARTUS,7882027162,381908052,,,Andrzej Szymaniak,,,,,True,,,,,
ARTUS,Seroki Wieś,96-515,2003-12-12,0000182232,SPÓŁKA Z OGRANICZONĄ ODPOWIEDZIALNOŚCIĄ,ARTUS SPÓŁKA Z OGRANICZONĄ ODPOWIEDZIALNOŚCIĄ,ARTUS,8371666039,015622000,,,Robert Stanisław Sękulski,,,,,,,,,,
ARTUS,Toruń,87-100,2015-04-22,0000554716,SPÓŁKA Z OGRANICZONĄ ODPOWIEDZIALNOŚCIĄ,ARTUS SPÓŁKA Z OGRANICZONĄ ODPOWIEDZIALNOŚCIĄ,ARTUS,8792678146,361331912,,,Adam Piotr Placha,,,,,,True,,,,
ARTUS,Toruń,87-100,2016-01-04,0000595187,SPÓŁKA KOMANDYTOWA,ARTUS SPÓŁKA Z OGRANICZONĄ ODPOWIEDZIALNOŚCIĄ SPÓŁKA KOMANDYTOWA,ARTUS,8791734836,870412230,,,,,,,,,True,,,,
ARTUS,Czechowice-Dziedzice,43-502,2006-07-12,0000260416,SPÓŁKA Z OGRANICZONĄ ODPOWIEDZIALNOŚCIĄ,ARTUS AIRCRAFT SPÓŁKA Z OGRANICZONĄ ODPOWIEDZIALNOŚCIĄ,ARTUS AIRCRAFT,7010032399,140625792,,,Artur Rafał Szczepaniak,,,,,True,,,,,
ARTUS,Maciejowice,08-480,2009-04-23,0000328199,SPÓŁKA Z OGRANICZONĄ ODPOWIEDZIALNOŚCIĄ,"""ARTUS II"" SPÓŁKA Z OGRANICZONĄ ODPOWIEDZIALNOŚCIĄ",ARTUS II,8262142573,141710488,,,Leszek Stanisław Pawlonka,,,,,True,,,,,
ARTUS,Maciejowice,08-480,2019-08-07,0000798052,SPÓŁKA Z OGRANICZONĄ ODPOWIEDZIALNOŚCIĄ,ARTUS V SPÓŁKA Z OGRANICZONĄ ODPOWIEDZIALNOŚCIĄ,ARTUS V,8262206480,384075753,,,Daniel Dziubdziński,,,,,,True,,,,
Astral Grzegorz Łapczyński,Warszawa,00-143,2001-07-02,0000022466,SPÓŁKA JAWNA,"PRZEDSIĘBIORSTWO HANDLOWO-USŁUGOWE ""ASTRAL"" ANDRZEJ ŁAPCZYŃSKI,GRZEGORZ ŁAPCZYŃSKI","PRZEDSIĘBIORSTWO HANDLOWO-USŁUGOWE ""ASTRAL"" ANDRZEJ ŁAPCZYŃSKI,GRZEGORZ ŁAPCZYŃSKI",,,,,,,,,,,,,,,
ATMA spółka z ograniczoną odpowiedzialnością,Warszawa,02-892,2002-01-08,0000078741,SPÓŁKA Z OGRANICZONĄ ODPOWIEDZIALNOŚCIĄ,"""ATMA"" SPÓŁKA Z OGRANICZONA ODPOWIEDZIALNOŚCIĄ",ATMA,5222666162,492734436,,,Marian Zbigniew Skrzypiec,,,,,,,,,,
ATMA spółka z ograniczoną odpowiedzialnością,Warszawa,00-061,2016-11-09,0000644986,SPÓŁKA Z OGRANICZONĄ ODPOWIEDZIALNOŚCIĄ,GEWE ATMA SPÓŁKA Z OGRANICZONĄ ODPOWIEDZIALNOŚCIĄ,GEWE ATMA,5252683372,365821949,,,Zygmunt Jan Bladowski,,True,,,,,,,,
ATMA spółka z ograniczoną odpowiedzialnością,Pszczyna,43-200,2013-04-08,0000457122,SPÓŁKA Z OGRANICZONĄ ODPOWIEDZIALNOŚCIĄ,ATMA SPÓŁKA Z OGRANICZONĄ ODPOWIEDZIALNOŚCIĄ,ATMA,6381807374,243214922,,,Sławomir Stanisław Siedlaczek,,,,,,,,True,,
ATMA spółka z ograniczoną odpowiedzialnością,Kraków,31-619,2016-11-04,0000645333,SPÓŁKA Z OGRANICZONĄ ODPOWIEDZIALNOŚCIĄ,ATMA SPÓŁKA Z OGRANICZONĄ ODPOWIEDZIALNOŚCIĄ,ATMA,6793136156,365794595,,,Małgorzata Kosiba,,,,,,,,,True,
ATMA spółka z ograniczoną odpowiedzialnością,Suwałki,16-400,2003-06-12,0000164656,SPÓŁKA Z OGRANICZONĄ ODPOWIEDZIALNOŚCIĄ,PRZEDSIĘBIORSTWO PRODUKCYJNO - USŁUGOWO - HANDLOWE ATMA SPÓŁKA Z OGRANICZONĄ ODPOWIEDZIALNOŚCIĄ,PRZEDSIĘBIORSTWO PRODUKCYJNO - USŁUGOWO - HANDLOWE ATMA,8441743013,790308157,,,Jan Chilmon,,,,,,,,,,
ATMA spółka z ograniczoną odpowiedzialnością,Łąka,43-241,2013-08-20,0000473799,SPÓŁKA KOMANDYTOWA,ATMA SPÓŁKA Z OGRANICZONĄ ODPOWIEDZIALNOŚCIĄ SPÓŁKA KOMANDYTOWA,ATMA,6381808267,243343074,,,,,,,,,,,,,
ATMA spółka z ograniczoną odpowiedzialnością,Toruń,87-100,2006-02-28,0000251959,SPÓŁKA Z OGRANICZONĄ ODPOWIEDZIALNOŚCIĄ,ATMA FINANSE PERSONEL SPÓŁKA Z OGRANICZONĄ ODPOWIEDZIALNOŚCIĄ,ATMA FINANSE PERSONEL,8792474047,340135024,,,,,,,,,,,,,
ATMA spółka z ograniczoną odpowiedzialnością,Kraków,30-127,2002-10-24,0000136774,SPÓŁKA Z OGRANICZONĄ ODPOWIEDZIALNOŚCIĄ,"""ATMA"" SPÓŁKA Z OGRANICZONĄ ODPOWIEDZIALNOŚCIĄ",ATMA,,691694020,,,,,,,,,,,,,
ATMA spółka z ograniczoną odpowiedzialnością,Szczecin,71-402,2001-06-12,0000018305,SPÓŁKA Z OGRANICZONĄ ODPOWIEDZIALNOŚCIĄ,STUDIO ATMA SPÓŁKA Z OGRANICZONĄ ODPOWIEDZIALNOŚCIĄ,STUDIO ATMA,,812370808,,,,,,,,,,,,,
ATX SPÓŁKA Z OGRANICZONĄ ODPOWIEDZIALNOŚCIĄ,Warszawa,,2015-12-22,0000593772,SPÓŁKA Z OGRANICZONĄ ODPOWIEDZIALNOŚCIĄ,ATX SPÓŁKA Z OGRANICZONĄ ODPOWIEDZIALNOŚCIĄ,ATX,5252641126,363330590,,,Kamil Patryk Błoński,,,,,,,,,True,
ATX SPÓŁKA Z OGRANICZONĄ ODPOWIEDZIALNOŚCIĄ,Stargard,73-110,2011-06-17,0000389453,SPÓŁKA Z OGRANICZONĄ ODPOWIEDZIALNOŚCIĄ,ATX SPÓŁKA Z OGRANICZONĄ ODPOWIEDZIALNOŚCIĄ,ATX,8542392348,320998982,,,Aneta Pieczonka Gibka,,,,,,,,,,
ATX SPÓŁKA Z OGRANICZONĄ ODPOWIEDZIALNOŚCIĄ,M. Nowy Sącz,33-300,2013-04-25,0000459389,SPÓŁKA Z OGRANICZONĄ ODPOWIEDZIALNOŚCIĄ,ATX SPÓŁKA Z OGRANICZONĄ ODPOWIEDZIALNOŚCIĄ,ATX,7343519857,122845190,,,Maciej Henryk Berezowski,,,,,,,,,,
ATX SPÓŁKA Z OGRANICZONĄ ODPOWIEDZIALNOŚCIĄ,,,2011-01-31,0000377160,SPÓŁKA Z OGRANICZONĄ ODPOWIEDZIALNOŚCIĄ,ATX FORMA SPÓŁKA Z OGRANICZONĄ ODPOWIEDZIALNOŚCIĄ,ATX FORMA,1231235258,142754192,,,,,,,,,,,,,
ATX SPÓŁKA Z OGRANICZONĄ ODPOWIEDZIALNOŚCIĄ,Praszka,46-320,2018-06-22,0000736819,SPÓŁKA Z OGRANICZONĄ ODPOWIEDZIALNOŚCIĄ,ATX ENGINEERING SPÓŁKA Z OGRANICZONĄ ODPOWIEDZIALNOŚCIĄ,ATX ENGINEERING,5761585212,380566017,,,Grzegorz Jan Siewiera,,True,,,,,,,,
ATX SPÓŁKA Z OGRANICZONĄ ODPOWIEDZIALNOŚCIĄ,Poznań,,2015-11-17,0000586773,SPÓŁKA Z OGRANICZONĄ ODPOWIEDZIALNOŚCIĄ,ATX INVEST SPÓŁKA Z OGRANICZONĄ ODPOWIEDZIALNOŚCIĄ,ATX INVEST,7811919060,363005016,,,,True,,,,,,,,,
Audioline spółka z ograniczoną odpowiedzialnością,Orle,84-252,2013-01-24,0000448709,SPÓŁKA Z OGRANICZONĄ ODPOWIEDZIALNOŚCIĄ,"""AUDIOLINE"" SPÓŁKA Z OGRANICZONĄ ODPOWIEDZIALNOŚCIĄ",AUDIOLINE,5882398880,221819430,,,Łukasz Kończak,,,,,,,,,,
Avant Art,Wrocław,53-614,2008-09-04,0000309792,FUNDACJA,"""AVANT ART""",AVANT ART,,,,,Kostas Grzegorz Georgakopulos,,,,,,,,,,
BEAVER JAROSŁAW BOBEREK SPÓŁKA KOMANDYTOWA,Warszawa,02-564,2018-03-14,0000723490,SPÓŁKA KOMANDYTOWA,BEAVER JAROSŁAW BOBEREK SPÓŁKA KOMANDYTOWA,BEAVER JAROSŁAW BOBEREK,5213817704,369711896,True,,,,,,,,,,,,
Bialska Orkiestra Dęta,Biała,48-210,2006-03-24,0000253735,STOWARZYSZENIE,BIALSKA ORKIESTRA DĘTA,BIALSKA ORKIESTRA DĘTA,7551863120,160069252,,,Mirosław Piotr Lasar,,,,,,,,,,
BOOKING PLACE SPÓŁKA Z OGRANICZONĄ ODPOWIEDZIALNOŚCIĄ,Warszawa,00-491,2009-11-06,0000341133,SPÓŁKA Z OGRANICZONĄ ODPOWIEDZIALNOŚCIĄ,BOOKING PLACE SPÓŁKA Z OGRANICZONĄ ODPOWIEDZIALNOŚCIĄ,BOOKING PLACE,7010207841,142100071,,,Ewa Dądajewska Kowalska,,,,,,,,,,
BOOKING.OOO SPÓŁKA Z OGRANICZONĄ ODPOWIEDZIALNOŚCIĄ SPÓŁKA KOMANDYTOWA,Wrocław,54-613,2017-03-03,0000666359,SPÓŁKA KOMANDYTOWA,BOOKING.OOO SPÓŁKA Z OGRANICZONĄ ODPOWIEDZIALNOŚCIĄ SPÓŁKA KOMANDYTOWA,BOOKING.OOO,8943098608,366731020,,True,,,,,,,,,,,
CENTRUM HOTELARSKO - GASTRONOMICZNE JACEK HEINRICH KARINA FURMAN MACIEJ FURMAN SPÓŁKA JAWNA,Biała Wieś,62-065,2007-03-12,0000275910,SPÓŁKA JAWNA,CENTRUM HOTELARSKO-GASTRONOMICZNE JACEK HEINRICH KARINA FURMAN MACIEJ FURMAN SPÓŁKA JAWNA,CENTRUM HOTELARSKO-GASTRONOMICZNE JACEK HEINRICH KARINA FURMAN MACIEJ FURMAN,9950185042,300525874,,,,,,,,,,,,,
Centrum Koncertowe A2 spółka z ograniczoną odpowiedzialnością,Wrocław,53-610,2017-03-01,0000665975,SPÓŁKA Z OGRANICZONĄ ODPOWIEDZIALNOŚCIĄ,CENTRUM KONCERTOWE A2 SPÓŁKA Z OGRANICZONĄ ODPOWIEDZIALNOŚCIĄ,CENTRUM KONCERTOWE A2,8971833907,366366950,True,,Tomasz Nowacki,,,,,,,,,,
Cezary Malinowski,Zwoleń,26-700,2002-01-29,0000084743,SPÓŁKA JAWNA,"ZAKŁAD GARBARSKI ""MALTAN"" CEZARY MALINOWSKI, RYSZARD MALINOWSKI, JUSTYNA KATARZYNA RUSINOWSKA SPÓŁKA JAWNA","ZAKŁAD GARBARSKI ""MALTAN"" CEZARY MALINOWSKI, RYSZARD MALINOWSKI, JUSTYNA KATARZYNA RUSINOWSKA",8110003328,006235164,,,,,,,,True,,,,,
CRAFT EVENT Spółka z ograniczoną odpowiedzialnością,Wrocław,53-624,2018-03-02,0000721894,SPÓŁKA Z OGRANICZONĄ ODPOWIEDZIALNOŚCIĄ,CRAFT EVENT SPÓŁKA Z OGRANICZONĄ ODPOWIEDZIALNOŚCIĄ,CRAFT EVENT,8971852980,369634463,True,,Kamil Wysoczański,,,,,,,,,,
Elektroakustyka,Bielawa,58-260,2020-04-09,0000836936,SPÓŁKA KOMANDYTOWA,ZAKŁAD ELEKTROAKUSTYKI PROFESJONALNEJ SPÓŁKA Z OGRANICZONĄ ODPOWIEDZIALNOŚCIĄ SPÓŁKA KOMANDYTOWA,ZAKŁAD ELEKTROAKUSTYKI PROFESJONALNEJ,5210129145,012134286,,,,,,,,,True,,,,
Elektroakustyka,Bielawa,58-260,2019-10-01,0000806698,SPÓŁKA Z OGRANICZONĄ ODPOWIEDZIALNOŚCIĄ,ZAKŁAD ELEKTROAKUSTYKI PROFESJONALNEJ SPÓŁKA Z OGRANICZONĄ ODPOWIEDZIALNOŚCIĄ,ZAKŁAD ELEKTROAKUSTYKI PROFESJONALNEJ,8822133487,384534445,,,Krzysztof Dominik Lubiński,,,,,,True,,,,
Elektroakustyka,Bielawa,58-260,2001-11-19,0000062130,SPÓŁKA JAWNA,ZAKŁAD ELEKTROAKUSTYKI PROFESJONALNEJ LUBIŃSKI SPÓŁKA JAWNA,ZAKŁAD ELEKTROAKUSTYKI PROFESJONALNEJ LUBIŃSKI,5210129145,012134286,,,,,,,,,True,,,,
Event,Luzino,84-242,2017-08-25,0000691900,SPÓŁKA Z OGRANICZONĄ ODPOWIEDZIALNOŚCIĄ,EVENT SPÓŁKA Z OGRANICZONĄ ODPOWIEDZIALNOŚCIĄ,EVENT,5882431169,368095350,,,Witold Bojek,,,,,,,,,,True
Event,Warszawa,02-486,2013-01-21,0000448047,SPÓŁKA Z OGRANICZONĄ ODPOWIEDZIALNOŚCIĄ,JOY EVENT SPÓŁKA Z OGRANICZONĄ ODPOWIEDZIALNOŚCIĄ,JOY EVENT,7010365238,146515219,,True,Tomasz Nowak,,,,,,,,,,
Event,Poznań,60-594,2015-12-30,0000594889,FUNDACJA,EVENT CULTURE,EVENT CULTURE,7811921134,363381400,,,Ewa Murawska,,,,,,,,,,
Event,Warszawa,00-120,2003-10-08,0000175190,SPÓŁKA Z OGRANICZONĄ ODPOWIEDZIALNOŚCIĄ,"""EVENT."" SPÓŁKA Z OGRANICZONĄ ODPOWIEDZIALNOŚCIĄ",EVENT.,5242907769,387199792,,True,Łukasz Wierzbicki,,,,,,,,,,
Event,Słupca,62-400,2016-03-15,0000607671,SPÓŁKA Z OGRANICZONĄ ODPOWIEDZIALNOŚCIĄ,EVENT SPÓŁKA Z OGRANICZONĄ ODPOWIEDZIALNOŚCIĄ,EVENT,6671768091,363960693,True,,Monika Bylewska,,,,,,,,,,
Event,Warszawa,01-926,2020-10-20,0000864972,STOWARZYSZENIE,JUST SPORT EVENT,JUST SPORT EVENT,1182215071,387352710,,,Mateusz Kasprzak,,,,,,,,,,
Event,Węgierska Górka,34-350,2017-04-12,0000673400,FUNDACJA,FUNDACJA FOR EVENT,FUNDACJA FOR EVENT,5532535690,367032168,,,Marcin Paweł Matuszny,,,,,,,,,,
Event,Marki,05-270,2009-02-27,0000324664,SPÓŁKA Z OGRANICZONĄ ODPOWIEDZIALNOŚCIĄ,MEGA EVENT SPÓŁKA Z OGRANICZONĄ ODPOWIEDZIALNOŚCIĄ,MEGA EVENT,9522067686,141728790,,,Katarzyna Sezen Migryt,,True,,,,,,,,
Event,Gdańsk,80-244,2020-02-10,0000827517,SPÓŁDZIELNIA,SPÓŁDZIELNIA SOCJALNA EVENT CLUB,SPÓŁDZIELNIA SOCJALNA EVENT CLUB,9571122190,385533844,True,,Mieczysław Eugeniusz Braszka,,,,,,,,,,
Event,Kielce,25-663,2017-07-18,0000687233,SPÓŁDZIELNIA,SPÓŁDZIELNIA SOCJALNA VIDEO - EVENT,SPÓŁDZIELNIA SOCJALNA VIDEO - EVENT,9591992103,367811553,,,Marcin Jarosław Jedliński,True,,,,,,,,,
Event Studio Kowalewski Breś spółka jawna,Lublin,20-035,2006-03-01,0000252085,SPÓŁKA JAWNA,"""EVENT STUDIO KOWALEWSKI BREŚ SPÓŁKA JAWNA""",EVENT STUDIO KOWALEWSKI BREŚ,9462487053,060114518,,,,,,,,,,,,,
EVENTIM SPOŁKA Z OGRANICZONĄ ODPOWIEDZIALNOŚCIĄ,Warszawa,00-508,2004-08-02,0000213454,SPÓŁKA Z OGRANICZONĄ ODPOWIEDZIALNOŚCIĄ,EVENTIM SPÓŁKA Z OGRANICZONĄ ODPOWIEDZIALNOŚCIĄ,EVENTIM,5262774751,015765917,,True,,,,,,,,,,,
EVENTS FACTORY SPOLEČNOST Z RUČENÍM OMEZENÍM SPÓŁKA KOMANDYTOWO-AKCYJNA,Wrocław,50-020,2012-09-07,0000432331,SPÓŁKA KOMANDYTOWO-AKCYJNA,EVENTS FACTORY SPOLEČNOST Z RUČENÍM OMEZENÍM SPÓŁKA KOMANDYTOWO- AKCYJNA,EVENTS FACTORY SPOLEČNOST Z RUČENÍM OMEZENÍM,8961531576,021955375,,,,,,,,,,,,,True
Fabryka Sztuki,Poznań,61-809,2009-01-15,0000321397,FUNDACJA,FABRYKA SZTUKI,FABRYKA SZTUKI,7781461595,301058156,,,Agnieszka Katarzyna Mazur,,,,,,,,,,
Fabryka Sztuki,Warszawa,,2002-12-02,0000141161,STOWARZYSZENIE,STOWARZYSZENIE FABRYKA SZTUKI,STOWARZYSZENIE FABRYKA SZTUKI,5342213730,015318087,,,,,,,,,,,,,
Fabryka Sztuki,Łódź,91-496,2008-06-02,0000307257,STOWARZYSZENIE,STOWARZYSZENIE FABRYKA TAŃCA I SZTUKI,STOWARZYSZENIE FABRYKA TAŃCA I SZTUKI,7262590182,100530083,,,,,,,,,,,,,
FENIX SZTUKA ILUZJI SPÓŁKA Z OGRANICZONĄ ODPOWIEDZIALNOŚCIĄ,Łódź,90-521,2017-03-27,0000670519,SPÓŁKA Z OGRANICZONĄ ODPOWIEDZIALNOŚCIĄ,FENIX SZTUKA ILUZJI SPÓŁKA Z OGRANICZONĄ ODPOWIEDZIALNOŚCIĄ,FENIX SZTUKA ILUZJI,7252190707,366879431,True,,Jerzy Jakub Buczyński,,,,,,,,,,
Filharmonia Dolnośląska w Jeleniej Górze,Jelenia Góra,58-500,2010-04-09,0000353648,ZWIĄZEK ZAWODOWY,ZWIĄZEK ZAWODOWY PRACOWNIKÓW FILHARMONII DOLNOŚLĄSKIEJ W JELENIEJ GÓRZE,ZWIĄZEK ZAWODOWY PRACOWNIKÓW FILHARMONII DOLNOŚLĄSKIEJ W JELENIEJ GÓRZE,,,,,,,,,,,,,,,
Filharmonia im. Karola Szymanowskiego w Krakowie,Kraków,31-103,2009-07-15,0000333243,ZWIĄZEK ZAWODOWY,ZWIĄZEK ZAWODOWY PRACOWNIKÓW PAŃSTWOWEJ FILHARMONII IM. KAROLA SZYMANOWSKIEGO W KRAKOWIE,ZWIĄZEK ZAWODOWY PRACOWNIKÓW PAŃSTWOWEJ FILHARMONII IM. KAROLA SZYMANOWSKIEGO W KRAKOWIE,,351447829,,,,,,,,,,,,,
Filharmonia im. Mieczysława Karłowicza w Szczecinie,Szczecin,70-515,2014-04-25,0000507278,ZWIĄZEK ZAWODOWY,ZWIĄZEK ZAWODOWY PRACOWNIKÓW FILHARMONII IM. MIECZYSŁAWA KARŁOWICZA W SZCZECINIE,ZWIĄZEK ZAWODOWY PRACOWNIKÓW FILHARMONII IM. MIECZYSŁAWA KARŁOWICZA W SZCZECINIE,8513193184,363760439,,,,,,,,,,,,,
Filharmonia Poznańska im. Tadeusza Szeligowskiego,Poznań,61-808,2011-06-03,0000388208,ZWIĄZEK ZAWODOWY,ZWIĄZEK ZAWODOWY ARTYSTÓW MUZYKÓW INSTRUMENTALISTÓW DĘTYCH BLASZANYCH PRZY FILHARMONII POZNAŃSKIEJ IM. TADEUSZA SZELIGOWSKIEGO,ZWIĄZEK ZAWODOWY ARTYSTÓW MUZYKÓW INSTRUMENTALISTÓW DĘTYCH BLASZANYCH PRZY FILHARMONII POZNAŃSKIEJ IM. TADEUSZA SZELIGOWSKIEGO,,,,,,,,,,,,,,,
Filharmonia Poznańska im. Tadeusza Szeligowskiego,Poznań,61-808,2011-05-11,0000385795,ZWIĄZEK ZAWODOWY,ZWIĄZEK ZAWODOWY ARTYSTÓW MUZYKÓW INSTRUMENTALISTÓW DĘTYCH DREWNIANYCH PRZY FILHARMONII POZNAŃSKIEJ IM. TADEUSZA SZELIGOWSKIEGO W POZNANIU,ZWIĄZEK ZAWODOWY ARTYSTÓW MUZYKÓW INSTRUMENTALISTÓW DĘTYCH DREWNIANYCH PRZY FILHARMONII POZNAŃSKIEJ IM. TADEUSZA SZELIGOWSKIEGO W POZNANIU,,,,,,,,,,,,,,,
FOLLOW THE STEP SPÓŁKA Z OGRANICZONĄ ODPOWIEDZIALNOŚCIĄ,Warszawa,00-375,2017-02-16,0000663978,SPÓŁKA Z OGRANICZONĄ ODPOWIEDZIALNOŚCIĄ,FOLLOW THE STEP SPÓŁKA Z OGRANICZONĄ ODPOWIEDZIALNOŚCIĄ,FOLLOW THE STEP,5252699433,366578758,True,,Marcin Szymanowski,,,,,,,,,,
For Jazz,Warszawa,00-545,2009-11-03,0000340826,SPÓŁKA Z OGRANICZONĄ ODPOWIEDZIALNOŚCIĄ,"""FOR JAZZ"" SPÓŁKA Z OGRANICZONĄ ODPOWIEDZIALNOŚCIĄ",FOR JAZZ,5260201726,012070994,,,Paweł Stanisław Brodowski,True,,,,,,,,,
FOS DESIGN spółka z ograniczoną odpowiedzialnością,Kraków,30-709,2019-04-19,0000783143,SPÓŁKA Z OGRANICZONĄ ODPOWIEDZIALNOŚCIĄ,FOS DESIGN SPÓŁKA Z OGRANICZONĄ ODPOWIEDZIALNOŚCIĄ,FOS DESIGN,6793183612,383164064,,,,,,,,True,,,,,
FOURCE ENTERTAINMENT SPÓŁKA Z OGRANICZONĄ ODPOWIEDZIALNOŚCIĄ,Warszawa,00-020,2017-01-27,0000660911,SPÓŁKA Z OGRANICZONĄ ODPOWIEDZIALNOŚCIĄ,FOURCE ENTERTAINMENT SPÓŁKA Z OGRANICZONĄ ODPOWIEDZIALNOŚCIĄ,FOURCE ENTERTAINMENT,5223082523,366446488,True,,,,,,,,,,,,
"Fundacja ""Artystyczna Fama""",Białystok,15-269,2014-08-27,0000521129,FUNDACJA,"FUNDACJA ""ARTYSTYCZNA FAMA""","FUNDACJA ""ARTYSTYCZNA FAMA""",9662094128,200884091,,,Anna Kisielewska,,,,,,,,,,
"Fundacja ""Dla Ciebie""",Warszawa,04-689,2003-09-22,0000174023,FUNDACJA,"FUNDACJA ""DLA CIEBIE""","FUNDACJA ""DLA CIEBIE""",9521927916,015563763,,,Anna Cholińska,,,,,,,,,,
"Fundacja ""Dla Ciebie""",Małe Rudy,89-200,2016-09-19,0000637722,FUNDACJA,FUNDACJA DLA CIEBIE,FUNDACJA DLA CIEBIE,5581864695,365425484,,,Joanna Perszon,,,,,,,,,,
"Fundacja ""Dla Ciebie""",Rzeszów,35-205,2014-01-28,0000495981,FUNDACJA,"""FUNDACJA DLA CIEBIE""",FUNDACJA DLA CIEBIE,5170364850,181073085,,,,,,,,,,,,,
"Fundacja ""Dla Ciebie""",Częstochowa,42-207,2020-02-20,0000830056,FUNDACJA,FUNDACJA SYNERGIA DLA CIEBIE,FUNDACJA SYNERGIA DLA CIEBIE,9492242190,385602054,,,Mariusz Bartłomiej Kowasz,,,,,,,,,,
"Fundacja ""Dla Ciebie""",Łódź,90-418,2012-01-30,0000408454,FUNDACJA,"FUNDACJA ""PRAWNIK DLA CIEBIE""","FUNDACJA ""PRAWNIK DLA CIEBIE""",7252058296,101378364,,,Grzegorz Krzysztof Frajman,,,,,,,,,,
"Fundacja ""Dla Ciebie""",Drzewce Kolonia,24-150,2010-01-20,0000346939,FUNDACJA,"FUNDACJA ""PRZESTRZEŃ DLA CIEBIE""","FUNDACJA ""PRZESTRZEŃ DLA CIEBIE""",,,,,Małgorzata Beata Kotowska,,,,,,,,,,
"Fundacja ""Dla Ciebie""",Legnica,59-220,2006-12-04,0000269078,FUNDACJA,"FUNDACJA ""JESTEM DLA CIEBIE""","FUNDACJA ""JESTEM DLA CIEBIE""",6912357976,020422062,,,Robert Bolesław Turzyniecki,,,,,,,,,,
"Fundacja ""Dla Ciebie""",Olsztyn,10-900,2015-05-15,0000558254,FUNDACJA,"FUNDACJA ""PRZYSZŁOŚĆ DLA CIEBIE""","FUNDACJA ""PRZYSZŁOŚĆ DLA CIEBIE""",7393875175,361531278,,,Joanna Katarzyna Borkowska,,,,,,,,,,
"Fundacja ""Dla Ciebie""",Poznań,60-748,2013-10-23,0000481719,FUNDACJA,"FUNDACJA ""SZTUKA DLA CIEBIE""","FUNDACJA ""SZTUKA DLA CIEBIE""",7831706108,302572375,,,Joanna Marta Buczak,,,,,,,,,,
"Fundacja ""Dla Ciebie""",Bydgoszcz,85-231,2006-07-20,0000260458,FUNDACJA,"FUNDACJA ""ZDROWIE DLA CIEBIE""","FUNDACJA ""ZDROWIE DLA CIEBIE""",9532526954,340197574,,,Krystyna Kopa,,,,,,,,,,
"FUNDACJA ""KLANCYK""",Warszawa,02-619,2015-06-16,0000563159,FUNDACJA,"FUNDACJA ""KLANCYK""","FUNDACJA ""KLANCYK""",5223032123,361782224,,,Maciej Jan Buchwald,,,,,,,,,,
"Fundacja ""Klinika Kultury""",Sopot,81-732,2013-04-30,0000457415,FUNDACJA,"FUNDACJA ""KLINIKA KULTURY""","FUNDACJA ""KLINIKA KULTURY""",5851466362,221874914,,,Ida Dagmara Bocian,,,,,,,,,,
"Fundacja ""Kultura nie boli""",Warszawa,02-503,2012-10-23,0000437224,FUNDACJA,"FUNDACJA ""KULTURA NIE BOLI""","FUNDACJA ""KULTURA NIE BOLI""",5213639154,146359937,,,Anna Agata Król,,,,,,,,,,
"Fundacja ""Pro Cello""",Poznań,60-195,2007-11-12,0000292242,FUNDACJA,"FUNDACJA ""PRO CELLO""","FUNDACJA ""PRO CELLO""",,,,,Tomasz Lisiecki,,,,,,,,,,
"Fundacja ""Pro Posnania""",Poznań,61-689,2002-08-22,0000126984,FUNDACJA,"FUNDACJA ""PRO POSNANIA""","FUNDACJA ""PRO POSNANIA""",,634381675,,,Artur Piotrowski,,,,,,,,,,
"Fundacja ""REPERCUSSION""",Wrocław,53-128,2011-05-10,0000385745,FUNDACJA,"""FUNDACJA REPERCUSSION""",FUNDACJA REPERCUSSION,8992720657,021546926,,,Jacek Józef Muzioł,,,,,,,,,,
"Fundacja ""Szafa Kultury""",Warszawa,00-538,2013-01-11,0000442800,FUNDACJA,"FUNDACJA ""SZAFA KULTURY""","FUNDACJA ""SZAFA KULTURY""",7010366031,146497869,,,Radosław Szymon Mazur,,,,,,,,,,
"Fundacja ""Teatr Układ Formalny""",Wrocław,54-206,2016-10-20,0000643015,FUNDACJA,"FUNDACJA ""TEATR UKŁAD FORMALNY""","FUNDACJA ""TEATR UKŁAD FORMALNY""",8943087237,365685564,,,Piotr Torchała,,,,,,,,,,
FUNDACJA ALICJI WĘGORZEWSKIEJ-WHISKERD STARTSMART,Warszawa,02-797,2008-06-27,0000309224,FUNDACJA,FUNDACJA ALICJI WĘGORZEWSKIEJ-WHISKERD STARTSMART,FUNDACJA ALICJI WĘGORZEWSKIEJ-WHISKERD STARTSMART,9512266941,141536330,,,Alicja Dorota Węgorzewska Whiskerd,,,,,,,,,,
Fundacja Ambasad Kultury i Sztuki,Chorzów,41-500,2017-02-14,0000663061,FUNDACJA,"FUNDACJA ""AMBASADA KULTURY I SZTUKI""","FUNDACJA ""AMBASADA KULTURY I SZTUKI""",6272749287,366561143,,,Ewelina Julia Tabaka,,,,,,,,,,
Fundacja ANIMEA,Warszawa,04-967,2016-10-25,0000643870,FUNDACJA,FUNDACJA ANIMEA,FUNDACJA ANIMEA,9522152802,365714053,,,Żaneta Agnieszka Sławińska Zdunik,,,,,,,,,,
Fundacja Apetyt na Kulturę,Warszawa,02-579,2006-12-06,0000269051,FUNDACJA,FUNDACJA APETYT NA KULTURĘ,FUNDACJA APETYT NA KULTURĘ,5213417169,140793957,,,Danuta Elżbieta Błażejczyk,,,,,,,,,,
Fundacja Ars Cameralis - Krakowska Opera Kameralna,Kraków,31-055,2004-04-07,0000202829,FUNDACJA,FUNDACJA ARS CAMERALIS - KRAKOWSKA OPERA KAMERALNA,FUNDACJA ARS CAMERALIS - KRAKOWSKA OPERA KAMERALNA,6762264700,356826684,,,Wacław Jankowski,,,,,,,,,,
Fundacja ART,Warszawa,02-673,2008-02-20,0000299763,FUNDACJA,FUNDACJA ART,FUNDACJA ART,1132708831,141320126,,,Maria Emilia Reif,,,,,,,,,,
Fundacja ART,Kraków,30-209,2020-10-21,0000865647,FUNDACJA,FUNDACJA MWB-ART,FUNDACJA MWB-ART,6772457665,387341706,,,Marek Bolesław Woźniak,,,,,,,,,,
Fundacja ART,Wrocław,53-010,2020-05-06,0000840162,FUNDACJA,FUNDACJA VIVE ART,FUNDACJA VIVE ART,8992879352,386011119,,,Piotr Ryszard Jastrzębski,,,,,,,,,,
Fundacja ART,Szczecin,71-837,2020-03-12,0000834042,FUNDACJA,FUNDACJA ODER ART,FUNDACJA ODER ART,8513247075,385801687,,,Monika Sawczuk,,,,,,,,,,
Fundacja ART,Leszno,64-100,2020-01-20,0000823577,FUNDACJA,FUNDACJA BABY ART,FUNDACJA BABY ART,6972375328,385344793,,,Martyna Justyńska,,,,,,,,,,
Fundacja ART,Warszawa,02-915,2017-09-22,0000696288,FUNDACJA,"""FUNDACJA ART GANG""",FUNDACJA ART GANG,5213795233,368341262,,,Ylan Anoufa,,,,,,,,,,
Fundacja ART,Cieklin,38-222,2017-01-10,0000657654,FUNDACJA,"""FUNDACJA MIMOFON ART""",FUNDACJA MIMOFON ART,6852331802,366300885,,,Paweł Stanisław Steczkowski,,,,,,,,,,
Fundacja ART,Nysa,48-300,2015-08-26,0000569965,FUNDACJA,FUNDACJA ELEMENTUM ART,FUNDACJA ELEMENTUM ART,7532438120,362320632,,,Jakub Sancakli,,,,,,,,,,
Fundacja ART,Zakrzewo,62-070,2015-03-19,0000548824,FUNDACJA,"FUNDACJA ""FLOW ART""","FUNDACJA ""FLOW ART""",7773247781,361051259,,,Anna Dorna,,,,,,,,,,
Fundacja ART,Cicha Góra,64-306,2014-11-28,0000534002,FUNDACJA,FUNDACJA WILLOW ART,FUNDACJA WILLOW ART,7881997591,360246653,,,Jędrzej Stępak,,,,,,,,,,
Fundacja Art Industry,Łódź,90-006,2008-10-22,0000316147,FUNDACJA,"FUNDACJA ""ART INDUSTRY""","FUNDACJA ""ART INDUSTRY""",7251987378,100592718,,,Maciej Sebastian Werk,,,,,,,,,,
Fundacja Artysta,Rzeszów,35-312,2017-02-21,0000664303,FUNDACJA,FUNDACJA ARTYSTA,FUNDACJA ARTYSTA,8133738536,366614052,,,Kornel Władysław Pieńko,,,,,,,,,,
Fundacja Artysta,Warszawa,01-844,2013-05-22,0000463265,FUNDACJA,FUNDACJA ODKRYJ ARTYSTĘ,FUNDACJA ODKRYJ ARTYSTĘ,1182092668,146719152,,,Adam Krzysztof Adamonis Krawczyk,,,,,,,,,,
Fundacja Artysta,Warszawa,00-180,2019-09-12,0000803147,FUNDACJA,FUNDACJA ARTYŚCI PRZECIW NIENAWIŚCI,FUNDACJA ARTYŚCI PRZECIW NIENAWIŚCI,5252800955,384354565,,,Dorota Rabczewska Stępień,,,,,,,,,,
Fundacja Artysta,Gdańsk,80-821,2016-12-14,0000652423,FUNDACJA,FUNDACJA ARTYSTÓW KOLONIA TERAZ,FUNDACJA ARTYSTÓW KOLONIA TERAZ,5833223703,366082247,,,Robert Piotr Jurkowski,,,,,,,,,,
Fundacja Artysta,Warszawa,01-771,2001-11-06,0000059686,FUNDACJA,FUNDACJA ARTYSTOM TRZECIEGO WIEKU,FUNDACJA ARTYSTOM TRZECIEGO WIEKU,,012195738,,,Wanda Gertruda Czarlińska,,,,,,,,,,
Fundacja Artysta,Katowice,40-048,2019-05-07,0000783470,FUNDACJA,FUNDACJA POMOCY WSPÓLNEJ ARTYSTÓW,FUNDACJA POMOCY WSPÓLNEJ ARTYSTÓW,6342958442,383282881,,,Wincenty Krawczyk,,,,,,,,,,
Fundacja Artysta,Katowice,40-750,2014-06-30,0000514584,FUNDACJA,FUNDACJA WSPIERANIA MŁODYCH ARTYSTÓW,FUNDACJA WSPIERANIA MŁODYCH ARTYSTÓW,,,,,Renata Agata Ignasiak,,,,,,,,,,
Fundacja Artysta,Lubin,59-300,2014-04-16,0000504003,FUNDACJA,FUNDACJA ZJEDNOCZONYCH ARTYSTÓW FUZJA,FUNDACJA ZJEDNOCZONYCH ARTYSTÓW FUZJA,6922506745,022406357,,,Dorota Anna Gumienna,,,,,,,,,,
Fundacja Artysta,Kraków,30-103,2005-08-03,0000238531,FUNDACJA,FUNDACJA ARTYŚCI INNOWACJA-TEORIA,FUNDACJA ARTYŚCI INNOWACJA-TEORIA,6762300494,120082835,,,Gaweł Gabriel Kownacki,,,,,,,,,,
Fundacja Artysta,Warszawa,02-530,2018-04-17,0000728011,FUNDACJA,FUNDACJA PROMOCJI ARTYSTÓW I RZEMIOSŁA,FUNDACJA PROMOCJI ARTYSTÓW I RZEMIOSŁA,7010818220,369988528,,,Alicja Magda Stańska,,,,,,,,,,
Fundacja Artystów Niepełnosprawnych i Pełnosprawnych Jesteś My,Wrocław,54-440,2015-12-10,0000591308,FUNDACJA,FUNDACJA ARTYSTÓW NIEPEŁNOSPRAWNYCH I PEŁNOSPRAWNYCH - JESTEŚ MY,FUNDACJA ARTYSTÓW NIEPEŁNOSPRAWNYCH I PEŁNOSPRAWNYCH - JESTEŚ MY,8943070314,363218284,,,Aleksander Edmund Lebiedziński,,,,,,,,,,
Fundacja Artystyczna MŁYN,Warszawa,00-405,2007-09-17,0000288736,FUNDACJA,"FUNDACJA ARTYSTYCZNA ""MŁYN""","FUNDACJA ARTYSTYCZNA ""MŁYN""",7010088282,141135890,,,Natalia Maria Fijewska Zdanowska,,,,,,,,,,
"Fundacja artystyczno-eventowa ""Fantazmat""",Bydgoszcz,85-137,2017-11-21,0000705101,FUNDACJA,"FUNDACJA ARTYSTYCZNO-EVENTOWA ""FANTAZMAT""","FUNDACJA ARTYSTYCZNO-EVENTOWA ""FANTAZMAT""",9532732406,368791189,,,Mateusz Makowski,,,,,,,,,,
Fundacja Banina,Warszawa,02-672,2017-05-22,0000679119,FUNDACJA,FUNDACJA BANINA,FUNDACJA BANINA,7123340381,367334165,,,Karolina Kaliszuk,,,,,,,,,,
Fundacja BARKA,Poznań,61-003,2002-11-05,0000137089,FUNDACJA,"FUNDACJA POMOCY WZAJEMNEJ ""BARKA""","FUNDACJA POMOCY WZAJEMNEJ ""BARKA""",7821146599,001415387,,,,,,,,,,,,,
Fundacja BARKA,Olsztyn,10-446,2014-07-01,0000514027,FUNDACJA,"FUNDACJA INICJATYW SPOŁECZNO - KULTURALNYCH ""BARKA""","FUNDACJA INICJATYW SPOŁECZNO - KULTURALNYCH ""BARKA""",7393868270,281605107,,,,,,,,,,,,,
Fundacja Bez Wizy,Warszawa,04-357,2011-12-12,0000404735,FUNDACJA,FUNDACJA BEZ WIZY,FUNDACJA BEZ WIZY,1132852663,145917826,,,Jacek Jarosław Pacocha,,,,,,,,,,
Fundacja Bielecki Art,Kraków,31-231,2009-11-12,0000340956,FUNDACJA,FUNDACJA BIELECKI ART,FUNDACJA BIELECKI ART,9452134258,121072997,,,Krzysztof Henryk Markiel,,,,,,,,,,
Fundacja Burdąg,Pęcice Małe,05-806,2006-09-12,0000263258,FUNDACJA,FUNDACJA BURDĄG,FUNDACJA BURDĄG,5342410703,141699605,,,Maria Stokłosa,,,,,,,,,,
Fundacja Czas Tradycji,Warszawa,04-613,2008-11-27,0000318395,FUNDACJA,FUNDACJA CZAS TRADYCJI,FUNDACJA CZAS TRADYCJI,,,,,Piotr Zgorzelski,,,,,,,,,,
Fundacja Dla Kultury Muzycznej Wrocławia WRATISLAVIA,Wrocław,53-615,2001-12-12,0000072028,FUNDACJA,FUNDACJA DLA KULTURY MUZYCZNEJ WROCŁAWIA WRATISLAVIA,FUNDACJA DLA KULTURY MUZYCZNEJ WROCŁAWIA WRATISLAVIA,,932275020,,,Tomasz Mieczysław Kwieciński,,,,,,,,,,
Fundacja Dobra Historia,Warszawa,00-687,2018-11-07,0000756310,FUNDACJA,FUNDACJA DOBRA HISTORIA,FUNDACJA DOBRA HISTORIA,7010891286,381754703,,,Piotr Teodor Kulczycki,,,,,,,,,,
Fundacja Dom Kultury Alchemia,Kraków,31-056,2004-09-29,0000218506,FUNDACJA,FUNDACJA DOM KULTURY ALCHEMIA,FUNDACJA DOM KULTURY ALCHEMIA,,356883647,,,Dorota Danuta Kniedziałowska,,,,,,,,,,
Fundacja Działań Kreatywnych Coincidentia,Białystok,15-201,2005-06-16,0000235914,FUNDACJA,FUNDACJA DZIAŁAŃ KREATYWNYCH COINCIDENTIA,FUNDACJA DZIAŁAŃ KREATYWNYCH COINCIDENTIA,9661790400,200021409,,,Paweł Chomczyk,,,,,,,,,,
FUNDACJA DZIESIĘCIU TALENTÓW NA RZECZ TEATRU BARAKAH,Kraków,31-065,2007-08-30,0000286670,FUNDACJA,FUNDACJA DZIESIĘCIU TALENTÓW NA RZECZ TEATRU BARAKAH,FUNDACJA DZIESIĘCIU TALENTÓW NA RZECZ TEATRU BARAKAH,6762358192,120534272,,,Monika Gabriela Kufel,,,,,,,,,,
Fundacja EDUARTIS,Białystok,15-703,2011-04-01,0000382633,FUNDACJA,FUNDACJA EDUARTIS,FUNDACJA EDUARTIS,5423201174,200431432,,,Jarosław Sidoruk,,,,,,,,,,
Fundacja Everest Art Production,Wrocław,54-513,2018-01-19,0000714157,FUNDACJA,FUNDACJA EVEREST ART PRODUCTION,FUNDACJA EVEREST ART PRODUCTION,8943123507,369306693,,,Jacek Tomasz Marks,,,,,,,,,,
Fundacja Ewy Iżykowskiej ARTE EVA,Kalisz,62-800,2017-12-01,0000706870,FUNDACJA,"FUNDACJA EWY IŻYKOWSKIEJ ""ARTE EVA""","FUNDACJA EWY IŻYKOWSKIEJ ""ARTE EVA""",6182167972,368875874,,,Ewa Dorota Iżykowska-Lipińska,,,,,,,,,,
Fundacja Fabryka Marzeń,Wysoka,52-200,2015-05-28,0000559730,FUNDACJA,FUNDACJA FABRYKA MARZEŃ,FUNDACJA FABRYKA MARZEŃ,8961543332,361647532,,,Angelina Małgorzata Kopka,,,,,,,,,,
Fundacja Fabryka Marzeń,Warszawa,00-112,2013-02-19,0000451671,FUNDACJA,FUNDACJA FABRYKA MARZEŃ,FUNDACJA FABRYKA MARZEŃ,5252554752,146544758,,,Kamila Stanisława Polak,,,,,,,,,,
Fundacja Fabryka Marzeń,Kielce,25-323,2015-09-04,0000574203,FUNDACJA,"FUNDACJA ""FABRYKI MARZEŃ""","FUNDACJA ""FABRYKI MARZEŃ""",6572919374,362413718,,,Andrzej Marian Załucki,,,,,,,,,,
Fundacja Fabryka Marzeń,Wrocław,51-162,2015-01-13,0000538824,FUNDACJA,"FUNDACJA ""FABRYKA MARZEŃ I SNÓW""","FUNDACJA ""FABRYKA MARZEŃ I SNÓW""",,360621938,,,,,,,,,,,,,
Fundacja FILHARMONIA,Warszawa,00-525,2019-10-11,0000808214,FUNDACJA,FUNDACJA FILHARMONIA,FUNDACJA FILHARMONIA,7010949413,384607470,,,Marcin Witold Lewicki,,,,,,,,,,
Fundacja FILHARMONIA,Kielce,25-369,2015-10-09,0000579924,FUNDACJA,FUNDACJA FILHARMONII ŚWIĘTOKRZYSKIEJ,FUNDACJA FILHARMONII ŚWIĘTOKRZYSKIEJ,6572919842,362706550,,,Franciszka Grażyna Patro,,,,,,,,,,
Fundacja FILHARMONIA,Warszawa,00-950,2003-02-11,0000150604,FUNDACJA,"""FUNDACJA FILHARMONII WARSZAWSKIEJ""",FUNDACJA FILHARMONII WARSZAWSKIEJ,5252182227,016350259,,,Tadeusz Boniecki,,,,,,,,,,
Fundacja FILHARMONIA,Wałbrzych,58-300,2005-08-25,0000237833,FUNDACJA,"""FUNDACJA ROZWOJU FILHARMONII SUDECKIEJ""",FUNDACJA ROZWOJU FILHARMONII SUDECKIEJ,,020140180,,,Tadeusz Skrężyna,,,,,,,,,,
Fundacja FILHARMONIA,Gdańsk,80-341,2007-12-13,0000294920,FUNDACJA,"FUNDACJA ""POLSKIEJ FILHARMONII KAMERALNEJ""","FUNDACJA ""POLSKIEJ FILHARMONII KAMERALNEJ""",5842635517,220527547,,,Wojciech Józef Rajski,,,,,,,,,,
Fundacja FILHARMONIA,Warszawa,01-312,2002-10-01,0000133543,FUNDACJA,FUNDACJA FILHARMONIA IM. ROMUALDA TRAUGUTTA,FUNDACJA FILHARMONIA IM. ROMUALDA TRAUGUTTA,,016190519,,,,,,,,,,,,,
Fundacja FILHARMONIA,Opole,45-075,2016-04-22,0000612685,FUNDACJA,"""FUNDACJA FILHARMONII OPOLSKIEJ - DLA KULTURY""",FUNDACJA FILHARMONII OPOLSKIEJ - DLA KULTURY,7543118353,364269705,,,Przemysław Neumann,,,,,,,,,,
Fundacja Filharmonia im. Romualda Traugutta,Warszawa,01-312,2002-10-01,0000133543,FUNDACJA,FUNDACJA FILHARMONIA IM. ROMUALDA TRAUGUTTA,FUNDACJA FILHARMONIA IM. ROMUALDA TRAUGUTTA,,016190519,,,,,,,,,,,,,
Fundacja Filharmonii Świętokrzyskiej,Kielce,25-369,2015-10-09,0000579924,FUNDACJA,FUNDACJA FILHARMONII ŚWIĘTOKRZYSKIEJ,FUNDACJA FILHARMONII ŚWIĘTOKRZYSKIEJ,6572919842,362706550,,,Franciszka Grażyna Patro,,,,,,,,,,
Fundacja Folk24,Wrocław,50-138,2012-04-23,0000418561,FUNDACJA,FUNDACJA FOLK24,FUNDACJA FOLK24,6263008841,242917320,,,Kamil Piotr Piotrowski,,,,,,,,,,
Fundacja Forum Artis im. Marka Tracza,Wrocław,53-118,2009-11-20,0000342236,FUNDACJA,FUNDACJA FORUM ARTIS IM. MARKA TRACZA,FUNDACJA FORUM ARTIS IM. MARKA TRACZA,8992683608,021118120,,,Alina Agnieszka Drozd Tereszkiewicz,,,,,,,,,,
Fundacja FRAKTAL,Łódź,94-017,2019-05-08,0000784815,FUNDACJA,FUNDACJA FRAKTAL,FUNDACJA FRAKTAL,7272836822,383300372,,,Ewa Maria Wolska,,,,,,,,,,
Fundacja FRAKTAL,Kamionka,21-132,2010-05-05,0000355780,FUNDACJA,FUNDACJA ANIMACJI LOKALNEJ FRAKTAL,FUNDACJA ANIMACJI LOKALNEJ FRAKTAL,7142032723,060649337,,,Maciej Jerzy Czyż,,,,,,,,,,
FUNDACJA GARNIZON SZTUKI,Warszawa,00-625,2014-05-29,0000511331,FUNDACJA,FUNDACJA GARNIZON SZTUKI,FUNDACJA GARNIZON SZTUKI,5252589940,147302661,,,Grażyna Bogumiła Wolszczak Sikora,,,,,,,,,,
Fundacja Goart,Kraków,31-039,2018-03-26,0000724480,FUNDACJA,FUNDACJA GOART,FUNDACJA GOART,6762547160,369790944,,,Michał Jerzy Ichniowski,,,,,,,,,,
FUNDACJA I LOVE STAGE,Warszawa,00-707,2012-02-29,0000412661,FUNDACJA,FUNDACJA I LOVE STAGE,FUNDACJA I LOVE STAGE,5213628162,146024177,,,Marina Cydzik,,,,,,,,,,
Fundacja im.  Jacka Kaczmarskiego,Gdańsk,80-299,2005-08-01,0000238707,FUNDACJA,FUNDACJA IM. JACKA KACZMARSKIEGO,FUNDACJA IM. JACKA KACZMARSKIEGO,5842561167,220099420,,,Alicja Jolanta Delgas,,,,,,,,,,
Fundacja im. Zbigniewa Wodeckiego,Kraków,31-049,2017-09-07,0000693956,FUNDACJA,FUNDACJA IM. ZBIGNIEWA WODECKIEGO,FUNDACJA IM. ZBIGNIEWA WODECKIEGO,6762535688,368225314,,,Katarzyna Anna Wodecka Stubbs,,,,,,,,,,
Fundacja Imka,Warszawa,00-491,2014-11-05,0000530057,FUNDACJA,FUNDACJA IMKA,FUNDACJA IMKA,7010446818,360054132,,,,,,,,,,,,,
Fundacja INDEPENDENT,Rogoziniec,66-210,2004-07-27,0000213635,FUNDACJA,"""FUNDACJA NIEZALEŻNE ŻYCIE INDEPENDENT LIVING""",FUNDACJA NIEZALEŻNE ŻYCIE INDEPENDENT LIVING,,,,,Benedykta Katarzyna Lehr Spławińska,,,,,,,,,,
Fundacja Instytut Białowieski,Białystok,15-665,2016-09-15,0000637028,FUNDACJA,FUNDACJA INSTYTUT BIAŁOWIESKI,FUNDACJA INSTYTUT BIAŁOWIESKI,9662106251,365404513,,,Rafał Marcin Kosno,,,,,,,,,,
Fundacja Instytut Państwa i PRawa,Nowy Sącz,33-300,2014-07-14,0000516027,FUNDACJA,FUNDACJA INSTYTUT PAŃSTWA I PRAWA,FUNDACJA INSTYTUT PAŃSTWA I PRAWA,7343530706,123226275,,,Wojciech Antoni Król,,,,,,,,,,
Fundacja Instytut Państwa i PRawa,Gniewkowo,88-140,2016-01-15,0000593620,FUNDACJA,FUNDACJA INSTYTUT PRAWORZĄDNEGO PAŃSTWA I OCHRONY PRAW PETENTA,FUNDACJA INSTYTUT PRAWORZĄDNEGO PAŃSTWA I OCHRONY PRAW PETENTA,5562762166,363501991,,,Tomasz Marcin Kucharski,,,,,,,,,,
FUNDACJA INSTYTUT PROMOCJI KULTURY POLSKIEJ,Kraków,31-012,2016-10-11,0000641100,FUNDACJA,FUNDACJA INSTYTUT PROMOCJI KULTURY POLSKIEJ,FUNDACJA INSTYTUT PROMOCJI KULTURY POLSKIEJ,6762514870,365611382,,,Przemysław Andrzej Firek,,,,,,,,,,
Fundacja Jest Akcja!,Warszawa,00-873,2011-01-11,0000375526,FUNDACJA,FUNDACJA JEST AKCJA!,FUNDACJA JEST AKCJA!,5222970285,142758853,,,Piotr Andrzej Orlicz Rabiega,,,,,,,,,,
Fundacja Kamila Maćkowiaka,Łódź,90-009,2010-09-08,0000364706,FUNDACJA,FUNDACJA KAMILA MAĆKOWIAKA,FUNDACJA KAMILA MAĆKOWIAKA,7252036018,100989060,,,Kamil Damian Maćkowiak,,,,,,,,,,
Fundacja Krakowska Scena Muzyczna,Kraków,30-705,2014-02-14,0000497845,FUNDACJA,FUNDACJA KRAKOWSKA SCENA MUZYCZNA,FUNDACJA KRAKOWSKA SCENA MUZYCZNA,6762472864,123042693,,,Michał Jacek Wójcik,,,,,,,,,,
Fundacja Kraków Kraków King's Players,Kraków,31-875,2016-10-06,0000640769,FUNDACJA,FUNDACJA KRAKÓW KRAKÓW KING'S PLAYERS,FUNDACJA KRAKÓW KRAKÓW KING'S PLAYERS,6751561771,365575344,,,Donald Allen,,,,,,,,,,
Fundacja Krystyny Jandy Na Rzecz Kultury,Warszawa,00-545,2004-06-29,0000210799,FUNDACJA,FUNDACJA KRYSTYNY JANDY NA RZECZ KULTURY,FUNDACJA KRYSTYNY JANDY NA RZECZ KULTURY,5262789540,015763841,,,Krystyna Jolanta Janda,,,,,,,,,,
"FUNDACJA KULTURY, MUZYKI I TAŃCÓW SWINGOWYCH",Wieliczka,32-020,2017-06-28,0000684097,FUNDACJA,"FUNDACJA KULTURY, MUZYKI I TAŃCÓW SWINGOWYCH","FUNDACJA KULTURY, MUZYKI I TAŃCÓW SWINGOWYCH",6832095681,367647763,,,Arkadiusz Sebastian Kłapa,,,,,,,,,,
Fundacja Loch Camelot,Kraków,31-114,2007-11-26,0000291658,FUNDACJA,FUNDACJA LOCH CAMELOT,FUNDACJA LOCH CAMELOT,6762410159,120810594,,,Małgorzata Sularczyk,,,,,,,,,,
FUNDACJA LOVE THE MUSIC,Kielce,25-413,2018-09-24,0000749519,FUNDACJA,"""FUNDACJA LOVE THE MUSIC""",FUNDACJA LOVE THE MUSIC,6572940351,381375288,,,Jan Mateusz Kozłowski,,,,,,,,,,
FUNDACJA MALTA,Poznań,61-728,2003-02-04,0000150077,FUNDACJA,FUNDACJA MALTA,FUNDACJA MALTA,,634446340,,,Michał Tadeusz Merczyński,,,,,,,,,,
FUNDACJA MALTA,Kraków,31-465,2020-03-11,0000831406,FUNDACJA,FUNDACJA POLSKA MALTA,FUNDACJA POLSKA MALTA,9452234758,385780689,,,Michał Kazimierz Gruszczyński,,,,,,,,,,
Fundacja Marcina Wernera,Łódź,93-574,2016-11-17,0000647480,FUNDACJA,FUNDACJA MARCINA WERNERA,FUNDACJA MARCINA WERNERA,7272807051,365880700,,,Marcin Tomasz Werner,,,,,,,,,,
Fundacja Muzyka Świata,Łódź,91-426,2013-04-30,0000460359,FUNDACJA,"FUNDACJA ""MUZYKA ŚWIATA""","FUNDACJA ""MUZYKA ŚWIATA""",7252067119,101593341,,,Grzegorz Andrzej Stech,,,,,,,,,,
Fundacja Muzyki Dawnej CANOR,Toruń,87-100,2002-02-04,0000088033,FUNDACJA,"FUNDACJA MUZYKI DAWNEJ ""CANOR"" W TORUNIU","FUNDACJA MUZYKI DAWNEJ ""CANOR"" W TORUNIU",9562043686,870198238,,,Cezary Zych,,,,,,,,,,
Fundacja Muzyki Filmowej i Jazzowej,Kraków,31-419,2014-11-18,0000531682,FUNDACJA,FUNDACJA MUZYKI FILMOWEJ I JAZZOWEJ,FUNDACJA MUZYKI FILMOWEJ I JAZZOWEJ,8691983586,360125889,,,Magdalena Izabela Warejko,,,,,,,,,,
"FUNDACJA NA RZECZ INTEGRACJI ŚRODOWISKA AKADEMICKIEGO ""JEDEN UNIWERSYTET""",Poznań,61-728,2014-02-18,0000497548,FUNDACJA,"FUNDACJA NA RZECZ INTEGRACJI ŚRODOWISKA AKADEMICKIEGO ""JEDEN UNIWERSYTET""","FUNDACJA NA RZECZ INTEGRACJI ŚRODOWISKA AKADEMICKIEGO ""JEDEN UNIWERSYTET""",7831709762,302654512,,,Wojciech Janusz Szalbierz,,,,,,,,,,
Fundacja na rzecz rozwijania muzykalności Polaków „Muzyka jest dla wszystkich”,Warszawa,03-913,2005-06-21,0000236575,FUNDACJA,"FUNDACJA NA RZECZ ROZWIJANIA MUZYKALNOŚCI POLAKÓW ""MUZYKA JEST DLA WSZYSTKICH""","FUNDACJA NA RZECZ ROZWIJANIA MUZYKALNOŚCI POLAKÓW ""MUZYKA JEST DLA WSZYSTKICH""",1132565490,140177939,,,Violetta Antonina Łabanow Jastrząb,,,,,,,,,,
"Fundacja na Rzecz Studentów i Absolwentów Uniwersytetu Warszawskiego ""Universitatis Varsoviensis""",Warszawa,02-089,2002-05-06,0000105627,FUNDACJA,"FUNDACJA NA RZECZ STUDENTÓW I ABSOLWENTÓW UNIWERSYTETU WARSZAWSKIEGO ""UNIVERSITATIS VARSOVIENSIS""","FUNDACJA NA RZECZ STUDENTÓW I ABSOLWENTÓW UNIWERSYTETU WARSZAWSKIEGO ""UNIVERSITATIS VARSOVIENSIS""",5260021527,011569013,,,Grzegorz Andrzej Litwiński,,,,,,,,,,
Fundacja na Rzecz Wspierania Kultur Alternatywnych i Ekologicznych,Pobiedna,59-814,2002-01-23,0000078679,FUNDACJA,FUNDACJA NA RZECZ WSPIERANIA KULTUR ALTERNATYWNYCH I EKOLOGICZNYCH,FUNDACJA NA RZECZ WSPIERANIA KULTUR ALTERNATYWNYCH I EKOLOGICZNYCH,6131355646,931013157,,,,,,,,,,,,,
Fundacja Nowa Sztuka Wet Music,Bydgoszcz,85-022,2011-05-09,0000385667,FUNDACJA,"""FUNDACJA NOWA SZTUKA WET MUSIC""",FUNDACJA NOWA SZTUKA WET MUSIC,9671342353,340908408,,,Artur Tomasz Maćkowiak,,,,,,,,,,
Fundacja Ośrodek,Wrocław,53-150,2007-11-27,0000293671,FUNDACJA,"""FUNDACJA OŚRODEK""",FUNDACJA OŚRODEK,8942926138,020646287,,,Marek Jerzy Kocot,,,,,,,,,,
Fundacja Ośrodek,Warszawa,02-536,2002-06-19,0000119146,FUNDACJA,FUNDACJA OŚRODKA KARTA,FUNDACJA OŚRODKA KARTA,5260305957,006210388,,,Zbigniew Grzegorz Gluza,,,,,,,,,,
Fundacja Ośrodek,Chorzów,41-500,2020-10-15,0000861664,FUNDACJA,FUNDACJA OŚRODEK INDUSTRIA,FUNDACJA OŚRODEK INDUSTRIA,6272769373,387298360,,,Piotr Jan Rygus,,,,,,,,,,
Fundacja Ośrodek,Kleszczów,44-164,2017-03-02,0000665294,FUNDACJA,"FUNDACJA ""STRACHU"" OŚRODEK REHABILITACYJNY","FUNDACJA ""STRACHU"" OŚRODEK REHABILITACYJNY",9691623368,366674700,,,Marcin Rafał Muc,,,,,,,,,,
Fundacja Ośrodek,Ełk,19-300,2015-11-27,0000588588,FUNDACJA,FUNDACJA WOLONTARIACKI OŚRODEK WSPARCIA,FUNDACJA WOLONTARIACKI OŚRODEK WSPARCIA,8481863798,363089527,,,Patrycja Agnieszka Łapińska,,,,,,,,,,
Fundacja Ośrodek,Warszawa,02-758,2015-05-21,0000559044,FUNDACJA,FUNDACJA OŚRODEK ANALIZ STRATEGICZNYCH,FUNDACJA OŚRODEK ANALIZ STRATEGICZNYCH,5213697424,361584889,,,Witold Tomasz Jurasz,,,,,,,,,,
Fundacja Ośrodek,Białystok,15-082,2012-01-25,0000409246,FUNDACJA,FUNDACJA OŚRODEK WSPIERANIA EKOLOGII,FUNDACJA OŚRODEK WSPIERANIA EKOLOGII,5423223862,200676168,,,Krzysztof Jan Stawnicki,,,,,,,,,,
Fundacja Ośrodek,Rzeszów,35-015,2004-10-21,0000219927,FUNDACJA,FUNDACJA RZESZOWSKIEGO OŚRODKA ARCHEOLOGICZNEGO,FUNDACJA RZESZOWSKIEGO OŚRODKA ARCHEOLOGICZNEGO,8133378078,691798215,,,,,,,,,,,,,
Fundacja Ośrodek,Police,72-010,2001-09-12,0000042401,FUNDACJA,"FUNDACJA ""OŚRODEK DOSKONALENIA KADR""","FUNDACJA ""OŚRODEK DOSKONALENIA KADR""",8511019625,810423713,,,Maria Górska,,,,,,,,,,
Fundacja Ośrodek,Warszawa,02-026,2001-08-22,0000037762,FUNDACJA,FUNDACJA OŚRODKA EDUKACJI EKOLOGICZNEJ,FUNDACJA OŚRODKA EDUKACJI EKOLOGICZNEJ,,011065873,,,Janusz Byszewski,,,,,,,,,,
Fundacja Otwarta Sztuka,Warszawa,01-875,2016-01-29,0000599247,FUNDACJA,FUNDACJA OTWARTA SZTUKA,FUNDACJA OTWARTA SZTUKA,5223052798,363660896,,,Jakub Bohdan Michalski,,,,,,,,,,
Fundacja Otwarta Sztuka,Warszawa,00-775,2003-11-21,0000180333,FUNDACJA,EUROPEJSKA FUNDACJA SZTUKA OTWARTA,EUROPEJSKA FUNDACJA SZTUKA OTWARTA,,,,,Katarzyna Agnieszka Łyszyk,,,,,,,,,,
Fundacja Otwarta Sztuka,Wrocław,54-029,2012-03-22,0000415283,FUNDACJA,"FUNDACJA ROZWOJU KULTURY, SZTUKI I EDUKACJI ""OTWÓRZ DRZWI""","FUNDACJA ROZWOJU KULTURY, SZTUKI I EDUKACJI ""OTWÓRZ DRZWI""",8943038581,021848509,,,Katarzyna Bartak Surówka,,,,,,,,,,
Fundacja Paryż,Katowice,40-007,2008-03-25,0000302076,FUNDACJA,FUNDACJA PARYŻ,FUNDACJA PARYŻ,5130168077,120692634,,,Marlena Niestrój,,,,,,,,,,
Fundacja Pączkowe Drzewo,Wrocław,51-663,2013-03-13,0000454251,FUNDACJA,"FUNDACJA ""PĄCZKOWE DRZEWO""","FUNDACJA ""PĄCZKOWE DRZEWO""",8982203021,022097821,,,Stefan Brzozowski,,,,,,,,,,
Fundacja PER4M,Sopot,81-814,2010-06-30,0000360045,FUNDACJA,FUNDACJA PER4M,FUNDACJA PER4M,8971783003,021890397,,,Łukasz Rostkowski,,,,,,,,,,
Fundacja Perła Baroku,Kobyłka,05-230,2017-01-23,0000658786,FUNDACJA,"""FUNDACJA PERŁA BAROKU""",FUNDACJA PERŁA BAROKU,1251650836,366391379,,,Anna Barbara Szarek,,,,,,,,,,
FUNDACJA PICCOLO-KULTURA BEZ BARIER,Łódź,94-223,2010-07-07,0000360531,FUNDACJA,"""FUNDACJA PICCOLO-KULTURA BEZ BARIER""",FUNDACJA PICCOLO-KULTURA BEZ BARIER,7272765134,100920588,,,Anna Ewa Wdowiak,,,,,,,,,,
Fundacja Plateaux,Warszawa,03-808,2006-04-11,0000254909,FUNDACJA,FUNDACJA PLATEAUX,FUNDACJA PLATEAUX,5862169745,220219047,,,Krzysztof Przemysław Bober,,,,,,,,,,
Fundacja Po Innej Stronie Mocy,Lublin,20-543,2018-07-26,0000741527,FUNDACJA,FUNDACJA PO INNEJ STRONIE MOCY,FUNDACJA PO INNEJ STRONIE MOCY,7123372903,380842718,,,Krzysztof Andrzej Księski,,,,,,,,,,
Fundacja Pomysłodalnia,Rumia,84-230,2013-03-01,0000453359,FUNDACJA,FUNDACJA POMYSŁODALNIA,FUNDACJA POMYSŁODALNIA,5882399135,221842096,,,Magdalena Olszewska,,,,,,,,,,
Fundacja Pro Anima,Białystok,15-480,2010-03-22,0000349650,FUNDACJA,"FUNDACJA ""PRO ANIMA""","FUNDACJA ""PRO ANIMA""",9662026204,200346436,,,Mariusz Perkowski,,,,,,,,,,
Fundacja PRO ARTE 2002,Wrocław,52-023,2011-09-14,0000395157,FUNDACJA,"FUNDACJA ""PRO ARTE 2002""","FUNDACJA ""PRO ARTE 2002""",8992729776,021741800,,,Janusz Mariusz Domin,,,,,,,,,,
Fundacja Pro Futuro,Gwoździany,42-772,2011-04-27,0000384604,FUNDACJA,"FUNDACJA ""PRO FUTURO""","FUNDACJA ""PRO FUTURO""",5751880240,241979098,,,Teresa Janina Bacławska,,,,,,,,,,
Fundacja Pro Futuro,Warszawa,03-195,2009-04-23,0000328390,FUNDACJA,FUNDACJA PRO FUTURO,FUNDACJA PRO FUTURO,7010183655,141846176,,,Magdalena Makarewicz,,,,,,,,,,
Fundacja Pro Futuro,Sułkowice,34-120,2015-11-04,0000584453,FUNDACJA,"""FUNDACJA PRO FUTURO""",FUNDACJA PRO FUTURO,5512623014,362930201,,,Andrzej Jan Pietyra,,,,,,,,,,
Fundacja Pro Futuro,Toruń,87-100,2014-11-28,0000533493,FUNDACJA,"FUNDACJA ""PRO FUTURO THEOLOGIAE""","FUNDACJA ""PRO FUTURO THEOLOGIAE""",9562309411,360248793,,,Tomasz Henryk Huzarek,,,,,,,,,,
Fundacja Pro Futuro,Pieszyce,58-250,2017-04-26,0000675654,FUNDACJA,FUNDACJA KONTAKT PRO FUTURO,FUNDACJA KONTAKT PRO FUTURO,8822126932,367152553,,,Włodzimierz Andrzej Konarski,,,,,,,,,,
Fundacja Pro Futuro,Lublin,20-081,2006-02-28,0000251912,FUNDACJA,"FUNDACJA ""PRO BONO FUTURO""","FUNDACJA ""PRO BONO FUTURO""",7123000142,060113890,,,Jacek Andrzej Szczot,,,,,,,,,,
Fundacja Pro Futuro,Jarosław,37-500,2005-01-14,0000226435,FUNDACJA,"FUNDACJA ""HEREDITAS PRO FUTURO""","FUNDACJA ""HEREDITAS PRO FUTURO""",7922074654,180011716,,,Jacek Mariusz Skupień,,,,,,,,,,
Fundacja Pro Futuro,Bielawa,05-520,2010-12-03,0000372222,FUNDACJA,"FUNDACJA KULTURY ""PRO FUTURO""","FUNDACJA KULTURY ""PRO FUTURO""",,,,,Roman Kołakowski,,,,,,,,,,
Fundacja Pro Futuro,Warszawa,00-195,2009-02-24,0000320168,FUNDACJA,FUNDACJA PRO PHARMACIA FUTURA,FUNDACJA PRO PHARMACIA FUTURA,5252447588,141751174,,,Joanna Maria Lechnio,,,,,,,,,,
Fundacja Pro Futuro,Warszawa,01-625,2009-10-28,0000340579,FUNDACJA,"FUNDACJA ""INSTYTUT EDUKACJA PRO FUTURO""","FUNDACJA ""INSTYTUT EDUKACJA PRO FUTURO""",5222933284,142075605,,,Anna Izabela Hryniewicz,,,,,,,,,,
Fundacja Pro Juventus,Warszawa,03-951,2008-10-21,0000316034,FUNDACJA,FUNDACJA PRO JUVENTUS,FUNDACJA PRO JUVENTUS,,141622005,,,Agnieszka Jolanta Wandor,,,,,,,,,,
FUNDACJA PROMOCJI MUZYKI I KULTURY NOWOCZESNEJ POGŁOS,Kraków,31-131,2017-06-13,0000682632,FUNDACJA,FUNDACJA PROMOCJI MUZYKI I KULTURY NOWOCZESNEJ POGŁOS,FUNDACJA PROMOCJI MUZYKI I KULTURY NOWOCZESNEJ POGŁOS,6762531532,367537833,,,Filip Fabiański,,,,,,,,,,
Fundacja Promocji Sztuki TOR,Kraków,30-135,2018-02-05,0000717369,FUNDACJA,"FUNDACJA PROMOCJI SZTUKI ""TOR""","FUNDACJA PROMOCJI SZTUKI ""TOR""",6772431513,369431027,,,Marcin Robert Wądek,,,,,,,,,,
"Fundacja Promocji Twórczości Amatorskiej ""Cantica""",Warszawa,00-322,2002-09-03,0000128757,FUNDACJA,"FUNDACJA PROMOCJI TWÓRCZOŚCI AMATORSKIEJ ""CANTICA""","FUNDACJA PROMOCJI TWÓRCZOŚCI AMATORSKIEJ ""CANTICA""",5251441081,010396289,,,Katarzyna Aniela Zwierzchowska,,,,,,,,,,
Fundacja Rozwoju Tańca Polskiego,Szczecin,71-450,2002-06-27,0000120262,FUNDACJA,FUNDACJA ROZWOJU TAŃCA POLSKIEGO IM. PROF. MARIANA WIECZYSTEGO,FUNDACJA ROZWOJU TAŃCA POLSKIEGO IM. PROF. MARIANA WIECZYSTEGO,,,,,Marek Krzysztof Sienkiewicz,,,,,,,,,,
Fundacja Rozwoju Teatru 'NOWA FALA',Warszawa,03-978,2009-12-09,0000344059,FUNDACJA,"FUNDACJA ROZWOJU TEATRU ""NOWA FALA""","FUNDACJA ROZWOJU TEATRU ""NOWA FALA""",,,,,Agata Gabriela Życzkowska,,,,,,,,,,
Fundacja Salulu,Warszawa,03-902,2007-10-05,0000290110,FUNDACJA,FUNDACJA SALULU,FUNDACJA SALULU,,,,,Robert Jędrzejewski,,,,,,,,,,
Fundacja Samorządu Studentów Politechniki Krakowskiej,Kraków,31-155,2004-05-14,0000206736,FUNDACJA,FUNDACJA SAMORZĄDU STUDENTÓW POLITECHNIKI KRAKOWSKIEJ,FUNDACJA SAMORZĄDU STUDENTÓW POLITECHNIKI KRAKOWSKIEJ,6751280894,351009242,,,Paweł Domino,,,,,,,,,,
FUNDACJA SCENA WSPÓŁCZESNA,Warszawa,02-415,2001-08-29,0000037243,FUNDACJA,FUNDACJA SCENA WSPÓŁCZESNA,FUNDACJA SCENA WSPÓŁCZESNA,5222623483,017357708,,,Włodzimierz Mirosław Kaczkowski,,,,,,,,,,
Fundacja Sportowa Pasja,Kraków,31-234,2014-10-16,0000527214,FUNDACJA,FUNDACJA SPORTOWA PASJA,FUNDACJA SPORTOWA PASJA,9452187384,362645512,,,Teresa Mikoś,,,,,,,,,,
Fundacja Strefy Rytmu,Warszawa,03-910,2010-03-09,0000350776,FUNDACJA,FUNDACJA STREFY RYTMU,FUNDACJA STREFY RYTMU,1132792027,142336939,,,Joanna Magdalena Sobura,,,,,,,,,,
Fundacja Studentów i Absolwentów Akademii Górniczo-Hutniczej w Krakowie Academica,Kraków,30-072,2001-05-11,0000011379,FUNDACJA,FUNDACJA STUDENTÓW I ABSOLWENTÓW AKADEMII GÓRNICZO - HUTNICZEJ W KRAKOWIE ACADEMICA,FUNDACJA STUDENTÓW I ABSOLWENTÓW AKADEMII GÓRNICZO - HUTNICZEJ W KRAKOWIE ACADEMICA,6772164561,356039130,,,Łukasz Dominik Jura,,,,,,,,,,
Fundacja Szafa Gra,Ornontowice,43-178,2014-03-28,0000504029,FUNDACJA,FUNDACJA SZAFA GRA,FUNDACJA SZAFA GRA,6351833409,243517918,,,Rafał Paweł Woźniak,,,,,,,,,,
Fundacja Sztuk Krytycznych,Warszawa,02-495,2012-11-07,0000439213,FUNDACJA,FUNDACJA SZTUK KRYTYCZNYCH,FUNDACJA SZTUK KRYTYCZNYCH,5223000761,146375729,,,Zuzanna Elżbieta Paluch,,,,,,,,,,
Fundacja Sztuka i Pasja,Warszawa,02-569,2017-09-13,0000688056,FUNDACJA,"""FUNDACJA SZTUKA I PASJA""",FUNDACJA SZTUKA I PASJA,5213794156,368297785,,,Grzegorz Arkadiusz Chmielewski,,,,,,,,,,
Fundacja Sztuki Kreatywna Przestrzeń,Warszawa,02-784,2016-03-29,0000609783,FUNDACJA,FUNDACJA SZTUKI KREATYWNA PRZESTRZEŃ,FUNDACJA SZTUKI KREATYWNA PRZESTRZEŃ,9512409760,364059630,,,Piotr Wiktor Duda,,,,,,,,,,
FUNDACJA SZTUKI TEATRALNEJ I FILMOWEJ PLEJADA,Kraków,31-234,2011-11-21,0000402377,FUNDACJA,FUNDACJA SZTUKI TEATRALNEJ I FILMOWEJ PLEJADA,FUNDACJA SZTUKI TEATRALNEJ I FILMOWEJ PLEJADA,9452167393,122455737,,,Piotr Sebastian Męderak,,,,,,,,,,
Fundacja Sztuki Współczesnej In Situ,Warszawa,00-391,2004-12-30,0000225393,FUNDACJA,"FUNDACJA SZTUKI WSPÓŁCZESNEJ ""IN SITU""","FUNDACJA SZTUKI WSPÓŁCZESNEJ ""IN SITU""",5291696870,140003406,,,Zuzanna Fogtt,,,,,,,,,,
Fundacja Sztukmistrze,Lublin,20-830,2011-02-24,0000379359,FUNDACJA,FUNDACJA SZTUKMISTRZE,FUNDACJA SZTUKMISTRZE,9462621563,060741882,,,Joanna Barbara Reczek Szwed,,,,,,,,,,
FUNDACJA TAŃCA I SZTUKI ARTOFFNIA,Olsztyn,10-257,2014-08-26,0000518782,FUNDACJA,FUNDACJA TAŃCA I SZTUKI ARTOFFNIA,FUNDACJA TAŃCA I SZTUKI ARTOFFNIA,7393869128,281616648,,,Katarzyna Grabińska,,,,,,,,,,
Fundacja Tatarskie Towarzystwo Kulturalne,Białystok,15-571,2013-09-02,0000475506,FUNDACJA,FUNDACJA TATARSKIE TOWARZYSTWO KULTURALNE,FUNDACJA TATARSKIE TOWARZYSTWO KULTURALNE,5423233010,200804459,,,Róża Chazbijewicz,,,,,,,,,,
Fundacja Teatr Avatar,Legnica,59-220,2011-02-14,0000378466,FUNDACJA,FUNDACJA TEATR AVATAR,FUNDACJA TEATR AVATAR,6912478964,021459446,,,Łukasz Marek Zieliński,,,,,,,,,,
Fundacja Teatr Kubika,Szczecin,70-392,2015-05-26,0000560108,FUNDACJA,FUNDACJA TEATR KUBIKA,FUNDACJA TEATR KUBIKA,8522613898,361610351,,,Radosław Konrad Kubik,,,,,,,,,,
Fundacja Teatr Latarnia,Białystok,15-795,2016-02-25,0000604100,FUNDACJA,"FUNDACJA ""TEATR LATARNIA""","FUNDACJA ""TEATR LATARNIA""",9662102460,363819701,,,Mateusz Marek Tymura,,,,,,,,,,
Fundacja Teatr Malabar Hotel,Warszawa,04-394,2009-12-16,0000344643,FUNDACJA,FUNDACJA TEATR MALABAR HOTEL,FUNDACJA TEATR MALABAR HOTEL,1132785613,142151275,,,Marcin Wojciech Bartnikowski,,,,,,,,,,
Fundacja Teatr Nowy w Nowym Sączu,Nowy Sącz,33-300,2015-04-28,0000554054,FUNDACJA,FUNDACJA TEATR NOWY W NOWYM SĄCZU,FUNDACJA TEATR NOWY W NOWYM SĄCZU,7343531367,361377877,,,Krzysztof Pomietło,,,,,,,,,,
Fundacja Teatr O.de.la,Rzeszów,35-111,2018-01-29,0000715027,FUNDACJA,FUNDACJA TEATR O.DE.LA,FUNDACJA TEATR O.DE.LA,8133769703,369352115,,,Marta Aneta Bury,,,,,,,,,,
Fundacja Teatr PAPAHEMA,Częstochowa,42-202,2014-06-02,0000511848,FUNDACJA,FUNDACJA TEATR PAPAHEMA,FUNDACJA TEATR PAPAHEMA,5732849743,243576186,,,Mateusz Eugeniusz Trzmiel,,,,,,,,,,
Fundacja Teatr Polski - TP dla Sztuki,Wrocław,53-129,2014-02-12,0000497637,FUNDACJA,FUNDACJA TEATR POLSKI - TP DLA SZTUKI,FUNDACJA TEATR POLSKI - TP DLA SZTUKI,8971800374,022461913,,,,,,,,,,,,,
FUNDACJA TEATRU ATELIER IM. AGNIESZKI OSIECKIEJ,Sopot,81-718,2013-09-16,0000477093,FUNDACJA,FUNDACJA TEATRU ATELIER IM. AGNIESZKI OSIECKIEJ,FUNDACJA TEATRU ATELIER IM. AGNIESZKI OSIECKIEJ,5851467315,221983000,,,Barbara Mariola Wiszniewska,,,,,,,,,,
Fundacja Teatru BOTO,Sopot,81-743,2010-08-26,0000363572,FUNDACJA,FUNDACJA TEATRU BOTO,FUNDACJA TEATRU BOTO,5851456547,221079312,,,Sylwia Góra Weber,,,,,,,,,,
Fundacja Teatru Czwarte Miasto,Gdynia,81-591,2013-06-12,0000465330,FUNDACJA,FUNDACJA TEATRU CZWARTE MIASTO,FUNDACJA TEATRU CZWARTE MIASTO,5862283286,,,,Dariusz Marcin Majchrzak,,,,,,,,,,
Fundacja Teatru Komedii Valldal,Gdynia,81-435,2016-03-17,0000604780,FUNDACJA,FUNDACJA TEATRU KOMEDII VALLDAL,FUNDACJA TEATRU KOMEDII VALLDAL,5862304901,363982453,,,Tomasz Valldal Czarnecki,,,,,,,,,,
Fundacja Teatru Małego Widza,Warszawa,00-310,2010-11-12,0000370320,FUNDACJA,FUNDACJA TEATRU MAŁEGO WIDZA,FUNDACJA TEATRU MAŁEGO WIDZA,5222969968,142788328,,,Agnieszka Monika Czekierda,,,,,,,,,,
Fundacja Theatrum Gedanense,Gdańsk,80-828,2001-09-18,0000043177,FUNDACJA,FUNDACJA THEATRUM GEDANENSE,FUNDACJA THEATRUM GEDANENSE,5831019789,002866850,,,Jacek Walczykowski,,,,,,,,,,
FUNDACJA TKWADRAT,Warszawa,00-004,2014-10-27,0000528289,FUNDACJA,"FUNDACJA ""TKWADRAT""","FUNDACJA ""TKWADRAT""",5252599051,147489955,,,Małgorzata Antonina Nejman,,,,,,,,,,
Fundacja Tone - Muzyka i Nowe Formy Sztuki,Kraków,31-511,2008-01-23,0000297651,FUNDACJA,FUNDACJA TONE - MUZYKA I NOWE FORMY SZTUKI,FUNDACJA TONE - MUZYKA I NOWE FORMY SZTUKI,6762368664,120625922,,,Małgorzata Maria Płysa,,,,,,,,,,
Fundacja Tritone,Jelenia Góra,58-500,2018-11-08,0000756825,FUNDACJA,"""FUNDACJA TRITONE""",FUNDACJA TRITONE,6112798638,381763910,,,Karolina Mirosława Juzwa,,,,,,,,,,
Fundacja TUTTURU,Olmonty,15-603,2015-02-13,0000543689,FUNDACJA,FUNDACJA TUTTURU,FUNDACJA TUTTURU,9662096073,360782653,,,Emilia Perkowska,,,,,,,,,,
Fundacja Twórczego Rozwoju dziecka Tintilo,Warszawa,01-930,2004-12-14,0000223959,FUNDACJA,FUNDACJA TWÓRCZEGO ROZWOJU DZIECKA TINTILO,FUNDACJA TWÓRCZEGO ROZWOJU DZIECKA TINTILO,1180887056,010500976,,,Teresa Ewa Kurpias Grabowska,,,,,,,,,,
Fundacja Vertigo,Wrocław,53-125,2015-02-02,0000540616,FUNDACJA,FUNDACJA VERTIGO,FUNDACJA VERTIGO,8971805070,360705813,,,Maciej Tomasz Nestor,,,,,,,,,,
Fundacja Wielkiej Matki,Rzeszów,35-326,2016-08-31,0000634380,FUNDACJA,FUNDACJA WIELKIEJ MATKI,FUNDACJA WIELKIEJ MATKI,8133726585,365270981,,,Marina Rysicz,,,,,,,,,,
Fundacja WSPAK,Warszawa,01-821,2016-12-16,0000652515,FUNDACJA,FUNDACJA WSPAK WOLNA SZTUKA POTRZEBUJE AMBITNEJ KULTURY,FUNDACJA WSPAK WOLNA SZTUKA POTRZEBUJE AMBITNEJ KULTURY,1182135053,366094960,,,Marcin Jan Steczkowski,,,,,,,,,,
Fundacja Wspierania Fair Trade Pangea,Rosnowo,62-052,2016-05-17,0000618148,FUNDACJA,FUNDACJA WSPIERANIA FAIR TRADE PANGEA,FUNDACJA WSPIERANIA FAIR TRADE PANGEA,7773263277,364472458,,,Małgorzata Henryka Binkowska,,,,,,,,,,
Fundacja Wspierania Kultury FABRYKA TANGA,Łódź,90-509,2011-05-11,0000385898,FUNDACJA,"FUNDACJA WSPIERANIA KULTURY ""FABRYKA TANGA""","FUNDACJA WSPIERANIA KULTURY ""FABRYKA TANGA""",7272777930,101091645,,,Jakub Kania,,,,,,,,,,
Fundacja Wspierania Kultury i Edukacji,Tczew,83-110,2013-06-20,0000466852,FUNDACJA,FUNDACJA WSPIERANIA KULTURY I EDUKACJI,FUNDACJA WSPIERANIA KULTURY I EDUKACJI,5922260924,221909363,,,Krzysztof Grzegorz Górecki,,,,,,,,,,
Fundacja Wspierania Kultury i Edukacji,Pułtusk,06-100,2018-07-09,0000739486,FUNDACJA,"FUNDACJA WSPIERANIA NAUKI, EDUKACJI I KULTURY","FUNDACJA WSPIERANIA NAUKI, EDUKACJI I KULTURY",5681622721,380713100,,,Adam Waldemar Koseski,,,,,,,,,,
Fundacja Wspierania Kultury i Edukacji,Gliwice,44-100,2016-01-28,0000598117,FUNDACJA,"FUNDACJA WSPIERANIA KULTURY I EDUKACJI ""PANTE""","FUNDACJA WSPIERANIA KULTURY I EDUKACJI ""PANTE""",6312660672,363592114,,,Andrzej Tadeusz Ciastoń,,,,,,,,,,
Fundacja Wspierania Kultury i Edukacji,Koszalin,75-412,2015-11-02,0000583680,FUNDACJA,"FUNDACJA WSPIERANIA EDUKACJI I KULTURY ""KOLIBER""","FUNDACJA WSPIERANIA EDUKACJI I KULTURY ""KOLIBER""",6692525809,362893658,,,Robert Karol Suszczak,,,,,,,,,,
Fundacja Wspierania Kultury i Edukacji,Tuchów,33-170,2015-09-03,0000573104,FUNDACJA,"FUNDACJA WSPIERANIA EDUKACJI I KULTURY ""SYNERGIA""","FUNDACJA WSPIERANIA EDUKACJI I KULTURY ""SYNERGIA""",9930657868,362452463,,,Katarzyna Małgorzata Skrzyniarz,,,,,,,,,,
Fundacja Wspierania Kultury i Edukacji,Warszawa,04-739,2019-08-28,0000800481,FUNDACJA,"FUNDACJA WSPIERANIA ROZWOJU, EDUKACJI I KULTURY ""IMAGONACJA""","FUNDACJA WSPIERANIA ROZWOJU, EDUKACJI I KULTURY ""IMAGONACJA""",9522199175,384219732,,,Bartosz Maksymilian Żuchowski,,,,,,,,,,
Fundacja Wspierania Kultury i Edukacji,Brzeźce,43-200,2016-07-12,0000627786,FUNDACJA,"FUNDACJA WSPIERANIA KULTURY, SZTUKI I EDUKACJI ""INTEGRACJA""","FUNDACJA WSPIERANIA KULTURY, SZTUKI I EDUKACJI ""INTEGRACJA""",6381816166,364921040,,,Grażyna Gabriela Majewska Tetla,,,,,,,,,,
Fundacja Wspierania Kultury i Edukacji,Warszawa,02-169,2015-04-16,0000553548,FUNDACJA,"FUNDACJA WSPIERANIA KULTURY I EDUKACJI KULTURALNEJ ""CHEŁMSKA 21""","FUNDACJA WSPIERANIA KULTURY I EDUKACJI KULTURALNEJ ""CHEŁMSKA 21""",5213694443,361301466,,,Maciej Rafał Kowalewski,,,,,,,,,,
Fundacja Wspierania Kultury i Edukacji,Olecko,19-400,2013-08-06,0000472691,FUNDACJA,FUNDACJA WSPIERANIA ROZWOJU EDUKACJI I KULTURY NA MAZURACH,FUNDACJA WSPIERANIA ROZWOJU EDUKACJI I KULTURY NA MAZURACH,8471613338,281533833,,,Katarzyna Krajewska Openchowska,,,,,,,,,,
Fundacja Wspierania Kultury i Edukacji,Poznań,60-357,2011-03-14,0000380664,FUNDACJA,"FUNDACJA WSPIERANIA EDUKACJI, KULTURY I SPORTU ""IN PLUS""","FUNDACJA WSPIERANIA EDUKACJI, KULTURY I SPORTU ""IN PLUS""",,301698588,,,Hanna Małgorzata Kłoniecka,,,,,,,,,,
"Fundacja Wspierania Talentów Dzieci, Młodzieży i Dorosłych WŁÓCZYKIJE",Kozy,43-340,2014-12-30,0000537078,FUNDACJA,"FUNDACJA WSPIERANIA TALENTÓW DZIECI, MŁODZIEŻY I DOROSŁYCH ""WŁÓCZYKIJE""","FUNDACJA WSPIERANIA TALENTÓW DZIECI, MŁODZIEŻY I DOROSŁYCH ""WŁÓCZYKIJE""",9372672568,360409581,,,Aleksandra Stępień,,,,,,,,,,
Fundacja Wspierania Twórczych Inicjatyw Teatralnych ATUT,Warszawa,00-144,2002-11-22,0000140229,FUNDACJA,"FUNDACJA WSPIERANIA TWÓRCZYCH INICJATYW TEATRALNYCH ""ATUT""","FUNDACJA WSPIERANIA TWÓRCZYCH INICJATYW TEATRALNYCH ""ATUT""",9512062730,015297267,,,Emilian Kazimierz Kamiński,,,,,,,,,,
Fundacja Wspierania Twórczych Inicjatyw Teatralnych ATUT,Warszawa,00-761,2009-02-11,0000323458,SPÓŁKA KOMANDYTOWA,"""TEATR KAMIENICA"" FUNDACJA WSPIERANIA TWÓRCZYCH INICJATYW TEATRALNYCH ATUT I S-KA SPÓŁKA KOMANDYTOWA","""TEATR KAMIENICA"" FUNDACJA WSPIERANIA TWÓRCZYCH INICJATYW TEATRALNYCH ATUT I S-KA",5213515802,141735360,True,,,,,,,,,,,,
Fundacja Wszystkie Mazurki Świata,Warszawa,02-795,2010-08-26,0000363720,FUNDACJA,FUNDACJA WSZYSTKIE MAZURKI ŚWIATA,FUNDACJA WSZYSTKIE MAZURKI ŚWIATA,9512324331,142604021,,,Janusz Prusinowski,,,,,,,,,,
FUNDACJA WYTWÓRNIA,Łódź,90-554,2011-04-06,0000383016,FUNDACJA,"""FUNDACJA WYTWÓRNIA""",FUNDACJA WYTWÓRNIA,7272776600,101069249,,,Mariola Małgorzata Wojtysiak,,,,,,,,,,
FUNDACJA WYTWÓRNIA,Marki,05-270,2014-07-31,0000518600,FUNDACJA,FUNDACJA KULTURY - WYTWÓRNIA,FUNDACJA KULTURY - WYTWÓRNIA,1251627091,147353925,,,Andrzej Paweł Kopczyński,,,,,,,,,,
FUNDACJA WYTWÓRNIA,Bydgoszcz,85-371,2013-09-09,0000476226,FUNDACJA,FUNDACJA WYTWÓRNIA MARZEŃ,FUNDACJA WYTWÓRNIA MARZEŃ,9532640360,341476833,,,Monika Wirżajtys,,,,,,,,,,
FUNDACJA WYTWÓRNIA,Wrocław,54-079,2016-05-05,0000616488,FUNDACJA,FUNDACJA WYTWÓRNIA MARZEŃ,FUNDACJA WYTWÓRNIA MARZEŃ,8943078215,364392386,,,Katarzyna Ewa Serkiz Żankowska,,,,,,,,,,
FUNDACJA WYTWÓRNIA,Częstochowa,42-200,2017-03-28,0000669977,FUNDACJA,"FUNDACJA INSTYTUT ROZWOJU KARIERY I PRZEDSIĘBIORCZOŚCI ""WYTWÓRNIA""","FUNDACJA INSTYTUT ROZWOJU KARIERY I PRZEDSIĘBIORCZOŚCI ""WYTWÓRNIA""",5732878609,366890384,,,Aleksandra Maria Nitkiewicz,,,,,,,,,,
FUNDACJA WYTWÓRNIA,Warszawa,00-525,2001-10-10,0000049207,FUNDACJA,FUNDACJA WSPIERANIA PRYWATYZACJI PRZEDSIĘBIORSTWA DOSTAW EKSPORTOWYCH WYTWÓRNI MATERIAŁÓW BUDOWLANYCH FABEX-ZREMB,FUNDACJA WSPIERANIA PRYWATYZACJI PRZEDSIĘBIORSTWA DOSTAW EKSPORTOWYCH WYTWÓRNI MATERIAŁÓW BUDOWLANYCH FABEX-ZREMB,,012047564,,,Andrzej Polański,,,,,,,,,,
Fundacja Young Arts,Krosno,38-400,2016-02-18,0000601478,FUNDACJA,"FUNDACJA ""YOUNG ARTS""","FUNDACJA ""YOUNG ARTS""",6842642570,363762355,,,Bartłomiej Tadeusz Tełewiak,,,,,,,,,,
Generator Sztuki,Szczecin,71-042,2019-07-24,0000796306,FUNDACJA,GENERATOR SZTUKI,GENERATOR SZTUKI,8522657967,383953453,,,Michał Starkiewicz,,,,,,,,,,
GIT EVENT STAGE TECHNOLOGY SPÓŁKA Z OGRANICZONĄ ODPOWIEDZIALNOŚCIĄ,Kraków,30-709,2018-05-16,0000732373,SPÓŁKA Z OGRANICZONĄ ODPOWIEDZIALNOŚCIĄ,GIT EVENT STAGE TECHNOLOGY SPÓŁKA Z OGRANICZONĄ ODPOWIEDZIALNOŚCIĄ,GIT EVENT STAGE TECHNOLOGY,6762549408,380271931,True,,Mateusz Marcin Szostak,,,,,,,,,,
GMB pro sound Spółka z ograniczoną odpowiedzialnością,Warszawa,03-219,2009-02-23,0000324172,SPÓŁKA Z OGRANICZONĄ ODPOWIEDZIALNOŚCIĄ,GMB PRO SOUND SPÓŁKA Z OGRANICZONĄ ODPOWIEDZIALNOŚCIĄ,GMB PRO SOUND,5242403968,017372872,,,Janusz Tołopiło,,,,,,,,,,
GMINNA ORKIESTRA DĘTA W GÓRZE ŚW. MAŁGORZATY,Góra Świętej Małgorzaty,99-122,2014-05-30,0000511743,STOWARZYSZENIE,GMINNA ORKIESTRA DĘTA W GÓRZE ŚW. MAŁGORZATY,GMINNA ORKIESTRA DĘTA W GÓRZE ŚW. MAŁGORZATY,5070091654,101787513,,,Krzysztof Barylski,,,,,,,,,,
Golec Fabryka Spółka z ograniczoną odpowiedzialnością Spółka Komandytowa,Milówka,34-360,2004-10-29,0000220717,SPÓŁKA KOMANDYTOWA,GOLEC FABRYKA SPÓŁKA Z OGRANICZONĄ ODPOWIEDZIALNOŚCIĄ-SPÓŁKA KOMANDYTOWA,GOLEC FABRYKA,5532308847,072929228,True,,,,,,,,,,,,
Gotango Spółka Z Ograniczoną Odpowiedzialnością,Poznań,60-195,2018-01-31,0000716861,SPÓŁKA Z OGRANICZONĄ ODPOWIEDZIALNOŚCIĄ,GOTANGO SPÓŁKA Z OGRANICZONĄ ODPOWIEDZIALNOŚCIĄ,GOTANGO,7792480946,369376707,True,,Marcin Antkowiak,,,,,,,,,,
GRZEGORZ JANIK,Wrocław,53-312,2002-02-04,0000087494,SPÓŁKA JAWNA,"""TOTAL"" AGENCJA HANDLOWA SPÓŁKA JAWNA, JANIK GRZEGORZ I S-KA","""TOTAL"" AGENCJA HANDLOWA SPÓŁKA JAWNA, JANIK GRZEGORZ I S-KA",8990105907,930548620,,,,,,,,,,,,,
IGLO RECORDS,Poznań,60-461,2016-01-21,0000596807,SPÓŁKA Z OGRANICZONĄ ODPOWIEDZIALNOŚCIĄ,IGLO RECORDS SPÓŁKA Z OGRANICZONĄ ODPOWIEDZIALNOŚCIĄ,IGLO RECORDS,9452189934,363551227,,,Igor Marek Walaszek,True,,,,,,,,,
Imprezownia Woja Wojtczak-Kolisz Spółka Jawna,Opole,45-268,2007-12-28,0000296040,SPÓŁKA JAWNA,IMPREZOWNIA-WOJA WOJTCZAK-KOLISZ SPÓŁKA JAWNA,IMPREZOWNIA-WOJA WOJTCZAK-KOLISZ,7542922768,160165412,True,,,,,,,,,,,,
